1607298203,"15",21.6,998.06,22.3,32.02,514,0.72
1607298183,"15",21.62,998.04,22.31,32.06,516,0
1607298163,"15",21.67,998.05,22.3,31.99,517,0.77
1607298143,"15",21.68,998.03,22.33,31.92,517,0
1607298122,"15",21.7,998.06,22.36,31.92,517,0
1607298102,"15",21.7,998.05,22.33,31.99,517,2.39
1607298082,"15",21.75,998.06,22.34,32.05,514,0
1607298062,"15",21.73,998.06,22.36,32.25,514,0
1607298041,"15",21.71,998.09,22.33,32.19,516,0.79
1607298021,"15",21.72,998.05,22.33,32.15,522,3.26
1607298001,"15",21.76,998.07,22.37,32.14,522,0
1607297981,"15",21.74,998.08,22.33,32.17,524,0
1607297960,"15",21.77,998.08,22.34,32.25,524,0
1607297940,"15",21.76,998.08,22.36,32.42,520,0
1607297920,"15",21.71,998.11,22.3,32.42,524,0
1607297900,"15",21.67,998.1,22.24,32.61,529,0
1607297880,"15",21.69,998.13,22.27,32.52,530,0
1607297859,"15",21.69,998.1,22.26,32.55,528,0
1607297839,"15",21.71,998.09,22.29,32.55,529,0
1607297819,"15",21.73,998.09,22.27,32.58,531,0
1607297799,"15",21.76,998.09,22.29,32.36,534,0.75
1607297778,"15",21.71,998.07,22.29,32.51,538,0
1607297758,"15",21.71,998.05,22.26,32.79,542,0
1607297738,"15",21.76,998.09,22.27,32.83,541,0
1607297718,"15",21.76,998.07,22.31,33.01,543,0
1607297697,"15",21.77,998.08,22.31,33.13,547,0
1607297677,"15",21.78,998.07,22.31,32.94,548,0
1607297657,"15",21.8,998.1,22.36,32.93,551,2.4
1607297637,"15",21.79,998.09,22.37,33.12,554,0
1607297616,"15",21.79,998.08,22.37,33.33,558,0
1607297596,"15",21.78,998.07,22.39,33.43,559,2.37
1607297576,"15",21.77,998.07,22.37,33.42,558,0
1607297556,"15",21.78,998.06,22.39,33.73,560,0
1607297535,"15",21.78,998.05,22.39,33.62,562,0
1607297515,"15",21.79,998.06,22.39,33.74,563,0
1607297495,"15",21.79,998.05,22.39,33.82,565,0
1607297475,"15",21.78,998.05,22.39,33.82,567,0
1607297455,"15",21.78,998.07,22.39,33.83,569,0
1607297434,"15",21.78,998.05,22.37,33.86,571,0.72
1607297414,"15",21.8,998.05,22.41,34.01,572,0
1607297394,"15",21.8,998.05,22.43,34.04,571,0
1607297374,"15",21.81,998.07,22.43,34.1,571,0.81
1607297353,"15",21.81,998.06,22.44,34.16,571,0
1607297333,"15",21.81,998.05,22.46,34.18,572,0
1607297313,"15",21.82,998.05,22.49,33.86,570,0
1607297293,"15",21.8,998.08,22.44,34.08,570,0
1607297272,"15",21.81,998.08,22.47,34.14,571,0
1607297252,"15",21.82,998.05,22.49,34.09,572,0
1607297232,"15",21.84,998.07,22.53,34.2,575,0
1607297212,"15",21.85,998.06,22.53,34.27,576,0.76
1607297191,"15",21.87,998.08,22.56,34.24,578,0
1607297171,"15",21.87,998.07,22.6,34.27,578,0
1607297151,"15",21.86,998.06,22.59,34.51,582,0.67
1607297131,"15",21.89,998.05,22.63,34.37,580,2.42
1607297111,"15",21.91,998.06,22.66,34.43,593,0
1607297090,"15",21.96,998.06,22.66,34.39,610,0
1607297070,"15",22.01,998.05,22.71,34.54,648,0
1607297050,"15",22.05,998.07,22.75,34.68,655,0
1607297030,"15",22.09,998.06,22.81,35.39,659,0.79
1607297009,"15",22.13,998.03,22.84,35.18,668,0
1607296989,"15",22.2,998.05,22.88,35,677,0
1607296969,"15",22.33,998.07,23.04,34.8,673,0
1607296949,"15",22.31,998.04,23.06,34.65,687,2.36
1607296928,"15",22.21,998.03,22.95,35.23,703,0
1607296908,"15",22.27,998.04,23.01,35.4,703,0
1607296888,"15",22.29,998.04,23.06,35.27,689,0.75
1607296868,"15",22.15,998.01,22.95,35.93,704,0
1607296847,"15",22.03,997.99,22.8,36.69,713,0
1607296827,"15",21.95,998,22.68,37.44,734,0
1607296807,"15",21.98,998.01,22.71,37.87,737,0.82
1607296787,"15",21.97,997.97,22.71,38.85,733,1.5
1607296767,"15",22,997.97,22.72,36.22,721,0
1607296746,"15",22.06,997.99,22.75,35.67,718,0
1607296726,"15",22.09,997.97,22.84,35.67,717,2.39
1607296706,"15",21.97,997.95,22.71,36.07,718,0
1607296686,"15",21.87,997.93,22.59,36.47,718,0
1607296665,"15",21.89,997.93,22.56,36.46,717,0
1607296645,"15",21.89,997.92,22.6,36.5,715,0
1607296625,"15",21.89,997.93,22.64,36.43,713,0
1607296605,"15",21.77,997.92,22.5,36.59,716,0.58
1607296584,"15",21.72,997.93,22.41,36.94,717,0
1607296564,"15",21.77,997.89,22.4,36.48,715,0
1607296544,"15",21.84,997.87,22.49,36.05,713,2.42
1607296524,"15",21.85,997.87,22.44,36.04,714,0
1607296503,"15",21.88,997.91,22.53,35.55,708,0
1607296483,"15",21.77,997.92,22.4,35.84,715,0
1607296463,"15",21.71,997.92,22.33,35.78,711,0.71
1607296443,"15",21.76,997.9,22.36,35.57,707,0
1607296422,"15",21.84,997.9,22.4,35.28,705,0
1607296402,"15",21.84,997.9,22.49,35.17,705,0
1607296382,"15",21.65,997.91,22.29,35.99,716,0
1607296362,"15",21.61,997.91,22.27,36.28,714,0
1607296342,"15",21.54,997.89,22.21,36.49,672,0
1607296321,"15",21.53,997.87,22.17,36.31,665,1.49
1607296301,"15",21.56,997.9,22.2,36.43,657,0
1607296281,"15",21.55,997.9,22.19,36.7,653,0.74
1607296261,"15",21.55,997.9,22.17,36.62,656,0
1607296240,"15",21.58,997.92,22.19,36.54,657,0
1607296220,"15",21.61,997.9,22.26,36.59,658,0
1607296200,"15",21.64,997.89,22.26,36.64,659,0
1607296180,"15",21.67,997.91,22.27,36.51,659,0
1607296159,"15",21.67,997.87,22.33,36.93,658,0
1607296139,"15",21.67,997.87,22.3,37,660,0
1607296119,"15",21.68,997.83,22.31,36.8,660,0
1607296099,"15",21.68,997.83,22.26,36.75,659,0
1607296079,"15",21.66,997.83,22.29,36.93,660,0
1607296058,"15",21.68,997.83,22.3,37.17,659,0
1607296038,"15",21.69,997.83,22.31,37.36,660,0
1607296018,"15",21.69,997.83,22.3,37.75,659,0
1607295998,"15",21.7,997.79,22.33,37.8,657,0
1607295977,"15",21.7,997.83,22.31,37.72,653,0
1607295957,"15",21.7,997.8,22.31,37.24,655,0
1607295937,"15",21.7,997.79,22.3,36.82,656,0
1607295917,"15",21.71,997.8,22.33,37.03,661,0
1607295896,"15",21.71,997.81,22.34,37.11,668,0
1607295876,"15",21.71,997.78,22.36,37.16,675,3.09
1607295856,"15",21.72,997.81,22.36,37.36,685,0
1607295836,"15",21.71,997.8,22.37,38.05,690,0
1607295815,"15",21.7,997.79,22.37,38.27,689,0
1607295795,"15",21.71,997.79,22.39,38.4,691,0
1607295775,"15",21.69,997.81,22.4,38.6,689,0
1607295755,"15",21.68,997.79,22.37,38.1,690,0
1607295735,"15",21.69,997.81,22.41,37.59,690,0.72
1607295714,"15",21.71,997.81,22.43,37.73,696,0
1607295694,"15",21.72,997.78,22.44,37.91,711,0
1607295674,"15",21.71,997.79,22.41,38.43,721,0
1607295654,"15",21.72,997.77,22.4,38.83,727,0
1607295633,"15",21.73,997.79,22.43,38.24,738,0
1607295613,"15",21.72,997.79,22.43,38.92,743,0.72
1607295593,"15",21.73,997.78,22.44,38.96,755,0.73
1607295573,"15",21.73,997.77,22.44,38.94,767,0
1607295552,"15",21.73,997.78,22.47,39.01,773,0
1607295532,"15",21.73,997.78,22.44,39.4,777,0
1607295512,"15",21.78,997.79,22.5,39.39,780,0
1607295492,"15",21.79,997.78,22.51,39.25,782,0
1607295471,"15",21.79,997.79,22.49,39.67,787,0
1607295451,"15",21.81,997.79,22.53,39.96,785,0
1607295431,"15",21.81,997.79,22.57,40.01,789,0
1607295411,"15",21.78,997.81,22.54,39.83,786,0
1607295391,"15",21.74,997.8,22.46,40.13,807,0
1607295370,"15",21.74,997.79,22.44,40.3,817,0
1607295350,"15",21.77,997.8,22.51,40.54,828,0
1607295330,"15",21.76,997.77,22.5,41.12,854,0
1607295310,"15",21.77,997.78,22.49,42.88,882,0
1607295289,"15",21.75,997.79,22.46,42.06,954,0.76
1607295269,"15",21.73,997.77,22.44,42.22,967,0
1607295249,"15",21.73,997.78,22.43,42.42,964,0
1607295229,"15",21.71,997.77,22.4,42.38,960,0
1607295208,"15",21.68,997.78,22.37,42.52,964,0
1607295188,"15",21.65,997.79,22.34,43.4,943,0
1607295168,"15",21.6,997.75,22.31,42.63,933,0
1607295148,"15",21.56,997.74,22.29,41.85,929,0
1607295127,"15",21.52,997.78,22.23,43.19,925,0.71
1607295107,"15",21.49,997.76,22.19,41.14,919,2.35
1607295087,"15",21.45,997.77,22.1,42.11,918,0
1607295067,"15",21.41,997.75,22.07,41.87,917,0
1607295047,"15",21.42,997.74,22.1,40.85,913,0
1607295026,"15",21.42,997.76,22.1,41.99,909,0.72
1607295006,"15",21.39,997.75,22.06,41.44,904,0
1607294986,"15",21.4,997.77,22.06,40.35,902,2.72
1607294966,"15",21.39,997.76,22.05,40.26,897,0
1607294945,"15",21.35,997.77,22.02,39.36,904,0
1607294925,"15",21.33,997.77,22,39.14,920,2.37
1607294905,"15",21.32,997.75,21.97,39.75,920,0
1607294885,"15",21.32,997.75,21.95,39.52,921,0
1607294864,"15",21.32,997.77,21.95,39.75,918,0
1607294844,"15",21.34,997.75,21.96,39.27,906,0
1607294824,"15",21.34,997.77,21.97,38.87,905,0
1607294804,"15",21.33,997.75,21.93,37.37,834,0.77
1607294783,"15",21.33,997.75,21.93,36.71,835,0
1607294763,"15",21.36,997.76,21.97,36.81,834,0
1607294743,"15",21.36,997.78,21.97,36.72,831,0
1607294723,"15",21.35,997.78,21.95,36.77,840,0
1607294703,"15",21.35,997.79,21.93,37.05,849,0
1607294682,"15",21.37,997.78,21.97,38.56,849,0
1607294662,"15",21.39,997.79,21.96,37.41,848,0
1607294642,"15",21.4,997.83,21.97,36.92,850,0
1607294622,"15",21.36,997.8,21.97,36.45,865,2.95
1607294601,"15",21.34,997.81,21.96,37.35,871,0
1607294581,"15",21.33,997.77,21.93,37.87,839,0
1607294561,"15",21.32,997.84,21.97,35.54,764,0.74
1607294541,"15",21.3,997.8,21.95,34.53,822,0
1607294520,"15",21.31,997.81,21.97,35.8,882,0
1607294500,"15",21.3,997.82,21.96,35.95,835,0
1607294480,"15",21.29,997.78,21.99,35.02,788,0
1607294460,"15",21.29,997.79,22.02,34.57,786,0
1607294439,"15",21.26,997.8,21.97,34.64,786,0
1607294419,"15",21.25,997.78,21.97,34.74,787,0
1607294399,"15",21.24,997.81,21.97,34.71,786,0
1607294379,"15",21.23,997.8,22,34.63,786,0
1607294359,"15",21.22,997.8,21.95,34.76,789,0
1607294338,"15",21.21,997.8,21.96,35.14,778,0
1607294318,"15",21.19,997.76,21.93,34.88,759,0
1607294298,"15",21.18,997.76,21.91,34.96,785,0
1607294278,"15",21.19,997.78,21.95,34.68,714,0
1607294257,"15",21.18,997.78,21.95,34.71,700,0
1607294237,"15",21.17,997.72,21.97,34.27,684,0
1607294217,"15",21.16,997.75,21.91,34.1,700,0
1607294197,"15",21.19,997.74,21.99,33.97,619,0
1607294176,"15",21.17,997.76,21.95,34.01,616,0
1607294156,"15",21.14,997.73,21.89,33.94,618,0
1607294136,"15",21.17,997.71,21.93,34.01,612,0
1607294116,"15",21.23,997.72,21.97,33.76,602,0
1607294096,"15",21.26,997.73,22.03,33.61,599,0
1607294075,"15",21.29,997.71,22,33.69,599,0
1607294055,"15",21.31,997.71,22.02,33.62,596,0
1607294035,"15",21.39,997.73,22.09,33.52,593,0
1607294015,"15",21.44,997.74,22.12,33.57,593,0
1607293994,"15",21.41,997.73,22.02,33.59,595,0
1607293974,"15",21.47,997.73,22.06,33.61,595,0.64
1607293954,"15",21.54,997.7,22.13,33.41,590,0
1607293934,"15",21.62,997.71,22.21,33.21,581,0
1607293913,"15",21.59,997.69,22.19,33.18,581,0.76
1607293893,"15",21.49,997.72,22.12,33.3,585,0.79
1607293873,"15",21.35,997.69,22,33.6,611,0
1607293853,"15",21.21,997.69,21.85,33.95,615,3.23
1607293832,"15",21.2,997.7,21.8,34.1,616,0
1607293812,"15",21.2,997.69,21.85,34.21,621,0.8
1607293792,"15",21.16,997.71,21.8,34.47,614,0.72
1607293772,"15",21.11,997.71,21.76,34.03,612,0
1607293751,"15",21.09,997.7,21.72,34.14,623,0
1607293731,"15",21.09,997.7,21.72,34.07,638,0.76
1607293711,"15",21.1,997.7,21.73,34.08,644,0
1607293691,"15",21.09,997.69,21.73,34.42,652,0
1607293671,"15",21.07,997.68,21.72,34.79,654,0
1607293650,"15",21.08,997.69,21.69,34.99,661,2.35
1607293630,"15",21.09,997.69,21.66,35.27,663,0.76
1607293610,"15",21.12,997.69,21.72,35.34,664,2.19
1607293590,"15",21.15,997.71,21.72,35.61,671,0
1607293569,"15",21.17,997.71,21.76,35.35,670,0.72
1607293549,"15",21.15,997.7,21.72,34.75,670,0
1607293529,"15",21.17,997.72,21.72,34.32,676,0
1607293509,"15",21.18,997.72,21.77,34.15,655,0.78
1607293488,"15",21.14,997.73,21.68,33.81,653,2.19
1607293468,"15",21.17,997.7,21.73,33.28,650,0.68
1607293448,"15",21.19,997.7,21.75,33.05,648,0
1607293428,"15",21.2,997.69,21.73,32.91,647,0.62
1607293407,"15",21.2,997.7,21.76,32.93,645,2.99
1607293387,"15",21.2,997.68,21.77,32.86,645,0
1607293367,"15",21.2,997.67,21.8,32.88,642,0
1607293347,"15",21.2,997.67,21.82,32.85,641,0
1607293326,"15",21.19,997.66,21.8,32.82,639,0.7
1607293306,"15",21.17,997.67,21.83,32.88,635,3.23
1607293286,"15",21.17,997.68,21.82,33,628,3.08
1607293266,"15",21.17,997.7,21.85,32.89,623,0
1607293246,"15",21.17,997.68,21.85,32.8,620,2.26
1607293225,"15",21.16,997.66,21.89,32.78,616,0
1607293205,"15",21.17,997.69,21.88,32.84,615,2.33
1607293185,"15",21.17,997.69,21.89,32.75,610,2.44
1607293165,"15",21.17,997.7,21.91,32.77,604,0
1607293144,"15",21.17,997.67,21.92,32.53,591,0
1607293124,"15",21.16,997.67,21.92,32.34,569,0.61
1607293104,"15",21.17,997.63,21.96,32.03,499,0
1607293084,"15",21.18,997.65,21.96,31.89,498,0
1607293063,"15",21.22,997.63,21.99,31.79,497,0
1607293043,"15",21.22,997.61,22,31.74,495,0
1607293023,"15",21.26,997.63,22.06,31.56,494,0
1607293003,"15",21.31,997.62,22.07,31.56,495,0.58
1607292983,"15",21.37,997.58,22.12,31.47,493,0.72
1607292962,"15",21.44,997.61,22.17,31.34,492,0
1607292942,"15",21.51,997.61,22.26,31.25,490,3.24
1607292922,"15",21.55,997.58,22.27,31.27,484,0
1607292902,"15",21.61,997.57,22.27,31.29,483,0
1607292881,"15",21.69,997.59,22.3,31.27,483,0
1607292861,"15",21.82,997.58,22.33,31.27,488,0
1607292841,"15",21.99,997.6,22.5,30.83,487,2.72
1607292821,"15",22.1,997.6,22.63,30.75,481,0.61
1607292800,"15",22.07,997.58,22.57,30.83,490,0
1607292780,"15",22.18,997.61,22.61,30.75,487,0
1607292760,"15",22.25,997.58,22.72,30.67,482,0
1607292740,"15",22.22,997.57,22.63,30.7,481,0
1607292719,"15",22.22,997.55,22.64,30.78,484,0
1607292699,"15",22.28,997.56,22.7,30.65,485,0
1607292679,"15",22.3,997.55,22.67,30.63,484,0
1607292659,"15",22.31,997.52,22.67,30.68,484,0
1607292639,"15",22.27,997.53,22.63,30.72,484,0.74
1607292618,"15",22.25,997.5,22.59,30.79,485,0
1607292598,"15",22.24,997.52,22.54,30.87,486,0
1607292578,"15",22.3,997.51,22.56,30.8,485,0
1607292558,"15",22.32,997.52,22.56,30.88,483,0
1607292537,"15",22.32,997.52,22.53,30.84,484,0
1607292517,"15",22.28,997.48,22.5,30.96,483,0
1607292497,"15",22.26,997.5,22.49,30.97,483,0
1607292477,"15",22.2,997.53,22.43,31.04,484,0
1607292456,"15",22.18,997.5,22.37,31.15,484,0
1607292436,"15",22.17,997.49,22.37,31.12,484,0
1607292416,"15",22.12,997.52,22.36,31.2,483,0
1607292396,"15",22.07,997.54,22.31,31.24,482,0
1607292375,"15",21.98,997.54,22.27,31.37,482,0
1607292355,"15",21.91,997.52,22.21,31.41,480,0
1607292335,"15",21.79,997.53,22.19,31.48,479,0
1607292315,"15",21.69,997.51,22.13,31.58,480,0
1607292295,"15",21.59,997.53,22.12,31.66,478,0
1607292274,"15",21.44,997.5,21.99,31.68,481,0
1607292254,"15",21.34,997.49,21.92,31.88,480,0
1607292234,"15",21.19,997.52,21.85,32.08,484,0
1607292214,"15",21.02,997.51,21.7,32.41,491,0.75
1607292193,"15",20.93,997.52,21.62,32.42,496,0
1607292173,"15",20.95,997.54,21.66,32.27,495,0
1607292153,"15",20.95,997.51,21.66,32.39,492,0.75
1607292133,"15",20.96,997.53,21.69,32.26,496,0
1607292112,"15",20.96,997.53,21.69,32.11,498,0
1607292092,"15",20.93,997.5,21.66,32.24,502,0.66
1607292072,"15",20.94,997.5,21.69,32.23,501,0
1607292052,"15",20.97,997.47,21.72,32.21,503,0
1607292031,"15",20.98,997.48,21.72,32.23,504,0
1607292011,"15",21,997.46,21.73,32.16,507,0
1607291991,"15",21.03,997.47,21.82,32.13,505,0.63
1607291971,"15",21.01,997.44,21.8,32.08,506,0
1607291951,"15",21.01,997.43,21.77,32.25,509,0
1607291930,"15",21.04,997.42,21.82,32.11,509,2.36
1607291910,"15",21.05,997.42,21.83,32.16,507,0
1607291890,"15",21.03,997.41,21.8,32.03,507,0.72
1607291870,"15",20.97,997.41,21.76,32.21,510,0.78
1607291849,"15",20.97,997.4,21.77,32.18,511,0
1607291829,"15",20.97,997.38,21.76,32.25,513,0
1607291809,"15",21.02,997.37,21.82,32.23,512,0.8
1607291789,"15",21.05,997.35,21.86,32.19,511,0
1607291768,"15",21.05,997.32,21.85,32.23,516,0
1607291748,"15",21.09,997.29,21.93,32.17,513,0.71
1607291728,"15",21.09,997.28,21.93,32.19,514,0
1607291708,"15",21.15,997.28,21.97,31.97,513,0
1607291687,"15",21.21,997.24,22.05,31.85,511,0
1607291667,"15",21.22,997.22,22.07,31.91,515,0
1607291647,"15",21.25,997.23,22.09,31.9,513,0
1607291627,"15",21.3,997.22,22.07,31.85,514,0
1607291607,"15",21.38,997.21,22.1,31.8,513,0
1607291586,"15",21.46,997.23,22.21,31.73,505,0
1607291566,"15",21.51,997.2,22.29,31.56,501,0.76
1607291546,"15",21.53,997.2,22.24,31.65,502,0
1607291526,"15",21.48,997.19,22.15,31.96,508,0
1607291505,"15",21.54,997.2,22.21,31.77,504,0.26
1607291485,"15",21.59,997.18,22.26,31.79,505,0
1607291465,"15",21.64,997.19,22.23,31.69,508,0
1607291445,"15",21.73,997.2,22.31,31.72,507,0
1607291424,"15",21.84,997.17,22.31,31.62,506,0
1607291404,"15",21.94,997.18,22.41,31.59,508,0
1607291384,"15",21.95,997.17,22.4,31.61,510,2.27
1607291364,"15",21.99,997.15,22.39,31.57,509,0
1607291343,"15",22.03,997.16,22.4,31.59,511,0
1607291323,"15",22.04,997.16,22.41,31.6,511,0
1607291303,"15",22.02,997.18,22.36,31.76,512,0
1607291283,"15",22.03,997.18,22.37,31.64,513,0
1607291262,"15",21.97,997.19,22.33,31.73,514,0
1607291242,"15",21.99,997.18,22.34,31.79,513,0.72
1607291222,"15",21.92,997.18,22.26,31.87,514,0.72
1607291202,"15",21.89,997.18,22.24,31.9,516,0
1607291182,"15",21.8,997.14,22.2,32.04,517,0
1607291161,"15",21.74,997.15,22.13,32.14,519,0.7
1607291141,"15",21.69,997.17,22.12,32.14,519,0
1607291121,"15",21.62,997.15,22.07,32.32,521,0
1607291101,"15",21.54,997.13,22,32.41,521,3.22
1607291080,"15",21.5,997.12,22,32.46,521,0
1607291060,"15",21.36,997.09,21.95,32.59,523,0
1607291040,"15",21.21,997.13,21.85,32.78,528,0
1607291020,"15",21.09,997.13,21.75,33,532,0
1607290999,"15",21,997.13,21.64,33.35,536,0
1607290979,"15",20.93,997.14,21.64,33.38,541,2.85
1607290959,"15",20.85,997.12,21.54,33.59,543,0
1607290939,"15",20.84,997.13,21.52,33.63,543,0
1607290918,"15",20.84,997.11,21.54,33.61,542,2.35
1607290898,"15",20.85,997.1,21.56,33.68,542,0
1607290878,"15",20.86,997.11,21.59,33.7,541,0
1607290858,"15",20.86,997.12,21.56,33.61,541,0
1607290838,"15",20.88,997.11,21.62,33.71,542,0
1607290817,"15",20.92,997.12,21.66,33.69,539,0
1607290797,"15",20.93,997.11,21.66,33.65,539,0
1607290777,"15",20.94,997.12,21.64,33.42,543,0
1607290757,"15",21.01,997.08,21.69,33.33,542,0
1607290736,"15",21.05,997.06,21.76,33.23,541,0
1607290716,"15",21.07,997.04,21.76,33.18,544,0
1607290696,"15",21.12,997.03,21.79,33.11,544,0
1607290676,"15",21.15,997,21.82,33.13,546,0
1607290655,"15",21.21,997.01,21.83,32.92,545,0
1607290635,"15",21.29,996.99,21.91,32.78,543,0
1607290615,"15",21.34,996.97,21.96,32.71,539,0
1607290595,"15",21.33,996.96,21.96,32.8,537,0
1607290574,"15",21.29,996.92,21.99,32.78,535,0
1607290554,"15",21.15,996.93,21.85,32.91,540,0
1607290534,"15",21.12,996.98,21.76,32.92,545,0
1607290514,"15",21.2,996.96,21.91,32.69,538,0
1607290494,"15",21.1,996.96,21.82,32.94,538,0
1607290473,"15",20.98,996.94,21.68,33.22,546,0
1607290453,"15",20.99,996.93,21.72,33.15,547,0
1607290433,"15",20.93,996.96,21.64,33.29,552,0
1607290413,"15",20.96,996.93,21.59,33.28,558,0
1607290392,"15",21,996.94,21.7,33.21,558,0.73
1607290372,"15",20.96,996.95,21.64,33.4,568,0
1607290352,"15",20.96,996.94,21.61,33.54,573,0
1607290332,"15",21.03,996.94,21.7,33.35,570,2.35
1607290311,"15",20.93,996.88,21.59,33.83,575,2.41
1607290291,"15",20.86,996.94,21.48,33.63,584,0
1607290271,"15",20.9,996.91,21.52,33.66,591,0
1607290251,"15",20.92,996.91,21.52,33.86,518,0
1607290230,"15",20.94,996.93,21.49,33.23,509,0
1607290210,"15",21.03,996.92,21.61,33.02,503,0
1607290190,"15",21.02,996.94,21.64,33.14,504,3.27
1607290170,"15",20.94,996.88,21.52,33.19,504,0
1607290150,"15",20.84,996.91,21.46,33.27,498,0
1607290129,"15",20.81,996.91,21.41,33.38,498,0.71
1607290109,"15",20.8,996.91,21.44,33.46,498,0.72
1607290089,"15",20.81,996.93,21.44,33.27,497,0
1607290069,"15",20.8,996.9,21.4,33.3,497,0
1607290048,"15",20.85,996.94,21.45,33.08,494,0
1607290028,"15",20.84,996.91,21.41,33.31,494,2.45
1607290008,"15",20.84,996.9,21.44,33.4,494,1.52
1607289988,"15",20.84,996.93,21.46,33.48,494,0
1607289967,"15",20.84,996.93,21.48,33.38,494,0
1607289947,"15",20.84,996.94,21.45,33.36,493,3.24
1607289927,"15",20.83,996.96,21.44,33.43,495,0.7
1607289907,"15",20.84,996.93,21.4,33.56,496,0.78
1607289886,"15",20.88,996.94,21.48,33.44,496,0.72
1607289866,"15",20.89,996.93,21.51,33.42,495,0
1607289846,"15",20.89,996.93,21.51,33.56,495,0
1607289826,"15",20.88,996.93,21.49,33.48,496,0.7
1607289806,"15",20.87,996.93,21.51,33.26,498,2.15
1607289785,"15",20.87,996.94,21.51,33.45,498,0
1607289765,"15",20.87,996.92,21.49,33.5,500,3.24
1607289745,"15",20.88,996.93,21.52,33.38,501,0.05
1607289725,"15",20.9,996.94,21.55,33.53,503,0
1607289704,"15",20.88,996.96,21.55,33.53,502,0.75
1607289684,"15",20.86,996.94,21.55,33.62,504,0
1607289664,"15",20.88,996.95,21.58,33.64,505,0
1607289644,"15",20.89,996.94,21.56,33.76,506,0
1607289623,"15",20.9,996.94,21.59,33.92,508,0.72
1607289603,"15",20.93,996.93,21.62,33.86,509,0
1607289583,"15",20.93,996.89,21.62,33.9,511,2.3
1607289563,"15",20.96,996.9,21.68,33.77,512,0.81
1607289542,"15",21,996.92,21.69,33.85,514,0
1607289522,"15",21.02,996.87,21.76,33.9,512,2.35
1607289502,"15",20.99,996.86,21.7,33.99,514,0.75
1607289482,"15",20.96,996.85,21.72,34.11,515,0
1607289461,"15",21.02,996.9,21.76,34.03,515,0.8
1607289441,"15",21.04,996.8,21.83,33.97,514,0.69
1607289421,"15",21.01,996.83,21.75,34.34,520,0
1607289401,"15",21.02,996.82,21.79,34.34,521,0
1607289380,"15",20.98,996.83,21.72,34.42,524,0
1607289360,"15",21.03,996.83,21.75,34.45,525,0
1607289340,"15",21.1,996.83,21.77,34.42,527,0
1607289320,"15",21.2,996.85,21.88,34.43,529,0.72
1607289300,"15",21.3,996.82,21.97,34.59,528,0
1607289279,"15",21.38,996.85,22.02,34.59,527,0
1607289259,"15",21.45,996.85,22.09,34.57,526,0.71
1607289239,"15",21.53,996.85,22.1,34.25,526,0
1607289219,"15",21.59,996.83,22.23,34.47,524,0
1607289198,"15",21.52,996.87,22.16,34.58,527,0
1607289178,"15",21.54,996.85,22.12,34.54,528,0
1607289158,"15",21.67,996.88,22.2,34.41,527,0
1607289138,"15",21.7,996.88,22.2,34.58,529,0
1607289117,"15",21.71,996.8,22.19,34.8,525,0
1607289097,"15",21.76,996.85,22.26,34.96,525,0
1607289077,"15",21.66,996.79,22.15,35.03,527,0
1607289057,"15",21.63,996.84,22.12,35.65,524,0
1607289037,"15",21.53,996.82,22.05,35.86,527,0
1607289016,"15",21.39,996.81,21.86,35.68,535,2.38
1607288996,"15",21.48,996.81,21.92,35.23,534,0
1607288976,"15",21.55,996.83,22,35.77,533,0
1607288956,"15",21.46,996.77,21.88,35.95,535,0
1607288935,"15",21.54,996.81,21.97,35.95,532,0
1607288915,"15",21.49,996.79,21.96,36.56,528,0
1607288895,"15",21.4,996.79,21.86,36.42,528,0
1607288875,"15",21.23,996.75,21.77,35.96,529,0
1607288854,"15",21.11,996.73,21.68,36.73,530,0.71
1607288834,"15",21.05,996.79,21.61,37.85,529,0
1607288814,"15",20.98,996.77,21.52,35.74,530,0
1607288794,"15",20.96,996.73,21.49,35.49,534,0
1607288773,"15",20.92,996.73,21.46,35.1,538,0
1607288753,"15",20.9,996.76,21.44,34.93,538,0
1607288733,"15",20.97,996.73,21.49,34.9,538,0
1607288713,"15",20.96,996.75,21.49,35.05,539,0
1607288692,"15",20.95,996.74,21.48,35.3,542,0
1607288672,"15",20.95,996.74,21.44,35.54,546,0
1607288652,"15",21.04,996.74,21.59,35.09,542,0
1607288632,"15",20.95,996.78,21.51,35.5,546,0
1607288612,"15",20.83,996.75,21.4,38.81,546,2.32
1607288591,"15",20.8,996.77,21.38,37.85,543,0
1607288571,"15",20.8,996.74,21.4,35.84,543,0
1607288551,"15",20.83,996.77,21.38,36.16,542,0
1607288531,"15",20.84,996.76,21.4,35.32,541,0
1607288510,"15",20.85,996.77,21.45,36.19,538,0
1607288490,"15",20.83,996.72,21.42,36.38,536,0
1607288470,"15",20.83,996.75,21.41,35.91,534,0
1607288450,"15",20.84,996.75,21.44,35.95,530,0.67
1607288429,"15",20.83,996.76,21.45,34.83,525,0
1607288409,"15",20.81,996.74,21.44,34.3,522,0.79
1607288389,"15",20.78,996.74,21.4,33.97,522,0.81
1607288369,"15",20.78,996.71,21.4,33.47,522,0
1607288348,"15",20.77,996.7,21.38,32.85,522,0
1607288328,"15",20.76,996.66,21.38,32.41,526,0.68
1607288308,"15",20.77,996.65,21.37,32.23,531,0
1607288288,"15",20.77,996.65,21.42,32.3,532,0
1607288268,"15",20.77,996.67,21.42,32.25,526,0.65
1607288247,"15",20.76,996.7,21.38,32.33,515,0
1607288227,"15",20.74,996.6,21.44,32.06,518,0
1607288207,"15",20.73,996.62,21.41,32.34,519,0.7
1607288187,"15",20.72,996.63,21.45,32.39,519,0.75
1607288166,"15",20.73,996.61,21.44,32.4,519,0
1607288146,"15",20.73,996.61,21.44,32.49,521,0.72
1607288126,"15",20.73,996.62,21.45,32.4,520,0
1607288106,"15",20.71,996.61,21.44,32.58,521,0
1607288085,"15",20.71,996.57,21.48,32.54,521,0
1607288065,"15",20.71,996.58,21.49,32.54,523,2.43
1607288045,"15",20.71,996.6,21.49,32.46,523,0
1607288025,"15",20.71,996.61,21.46,32.53,525,0
1607288004,"15",20.74,996.62,21.49,32.54,525,0
1607287984,"15",20.75,996.58,21.52,32.36,527,0
1607287964,"15",20.77,996.6,21.56,32.09,528,0
1607287944,"15",20.79,996.61,21.58,32.16,530,0
1607287924,"15",20.82,996.59,21.59,32.1,529,0
1607287903,"15",20.86,996.61,21.62,32.11,532,0.71
1607287883,"15",20.92,996.6,21.68,31.79,530,0
1607287863,"15",20.95,996.6,21.69,31.61,530,0
1607287843,"15",20.95,996.58,21.64,31.94,535,0
1607287822,"15",20.98,996.59,21.75,32.1,533,2.33
1607287802,"15",20.95,996.58,21.7,32.29,538,0
1607287782,"15",20.96,996.56,21.69,32.3,537,0
1607287762,"15",21.03,996.65,21.76,32.21,534,0
1607287741,"15",20.94,996.55,21.69,32.45,540,1.4
1607287721,"15",20.87,996.59,21.56,32.69,542,0.77
1607287701,"15",20.9,996.6,21.56,32.56,542,0
1607287681,"15",20.97,996.57,21.66,32.43,537,0
1607287660,"15",20.98,996.57,21.72,32.38,531,0
1607287640,"15",20.82,996.55,21.54,32.79,543,0
1607287620,"15",20.76,996.6,21.48,32.94,537,0
1607287600,"15",20.74,996.56,21.42,32.99,562,2.89
1607287579,"15",20.78,996.61,21.48,33.01,552,0
1607287559,"15",20.72,996.56,21.44,32.96,562,0
1607287539,"15",20.74,996.56,21.48,33.14,556,0
1607287519,"15",20.67,996.55,21.37,33.37,561,0
1607287499,"15",20.73,996.54,21.41,33.33,563,0
1607287478,"15",20.79,996.55,21.44,33.51,562,0
1607287458,"15",20.81,996.51,21.44,33.52,571,2.14
1607287438,"15",20.72,996.51,21.38,33.7,591,0.74
1607287418,"15",20.75,996.49,21.41,33.68,593,0
1607287397,"15",20.74,996.48,21.38,34.01,597,0.72
1607287377,"15",20.75,996.51,21.38,34.12,602,0.69
1607287357,"15",20.8,996.5,21.41,34.2,604,0
1607287337,"15",20.79,996.52,21.42,34.12,607,0
1607287316,"15",20.8,996.52,21.45,34.14,611,0
1607287296,"15",20.69,996.52,21.32,34.63,623,0
1607287276,"15",20.72,996.51,21.35,35.14,621,0
1607287256,"15",20.73,996.5,21.4,35.6,614,0
1607287235,"15",20.69,996.53,21.3,36.4,650,3.29
1607287215,"15",20.7,996.52,21.32,35.4,670,0
1607287195,"15",20.7,996.51,21.34,35,673,0
1607287175,"15",20.7,996.5,21.34,35.08,671,0
1607287155,"15",20.7,996.51,21.3,35.1,673,0
1607287134,"15",20.74,996.56,21.34,34.53,674,0
1607287114,"15",20.76,996.52,21.38,34.64,673,0
1607287094,"15",20.77,996.5,21.37,34.48,672,1.39
1607287074,"15",20.77,996.52,21.4,34.25,673,0
1607287053,"15",20.76,996.51,21.4,33.56,673,0
1607287033,"15",20.75,996.52,21.34,33.28,673,0
1607287013,"15",20.74,996.48,21.37,33.26,671,2.23
1607286993,"15",20.74,996.49,21.35,32.67,671,0
1607286972,"15",20.71,996.51,21.34,32.55,670,0
1607286952,"15",20.72,996.52,21.32,32.49,671,0
1607286932,"15",20.74,996.45,21.38,32.35,672,0
1607286912,"15",20.74,996.46,21.38,32.35,675,0
1607286891,"15",20.73,996.53,21.37,32.53,676,0
1607286871,"15",20.73,996.53,21.37,32.47,682,0
1607286851,"15",20.71,996.45,21.34,32.49,691,0
1607286831,"15",20.71,996.48,21.34,32.52,694,0
1607286811,"15",20.71,996.46,21.35,32.42,695,0
1607286790,"15",20.71,996.48,21.35,32.26,694,2.44
1607286770,"15",20.7,996.5,21.37,32.19,694,2.41
1607286750,"15",20.67,996.5,21.31,32.32,696,2.46
1607286730,"15",20.67,996.51,21.34,32.3,692,2.73
1607286709,"15",20.64,996.51,21.34,32.33,688,0
1607286689,"15",20.63,996.51,21.34,32.29,700,0
1607286669,"15",20.61,996.51,21.34,32.35,771,0
1607286649,"15",20.61,996.47,21.32,32.73,781,0
1607286628,"15",20.6,996.45,21.31,32.95,786,0.71
1607286608,"15",20.6,996.42,21.34,33.16,786,0.78
1607286588,"15",20.58,996.46,21.31,33.35,782,0
1607286568,"15",20.56,996.4,21.32,33.44,747,0
1607286547,"15",20.56,996.44,21.28,32.86,740,2.45
1607286527,"15",20.59,996.45,21.35,32.61,738,2.37
1607286507,"15",20.56,996.4,21.38,32.42,735,0
1607286487,"15",20.53,996.39,21.32,32.27,736,2.41
1607286467,"15",20.53,996.34,21.32,32.42,734,0
1607286446,"15",20.49,996.37,21.28,32.46,734,2.47
1607286426,"15",20.48,996.43,21.3,32.68,736,0
1607286406,"15",20.45,996.39,21.28,32.49,739,0
1607286386,"15",20.44,996.34,21.25,32.66,744,0
1607286365,"15",20.43,996.4,21.22,32.95,730,0.61
1607286345,"15",20.41,996.36,21.21,32.76,711,0.82
1607286325,"15",20.39,996.41,21.18,32.6,706,0
1607286305,"15",20.39,996.36,21.21,32.63,702,2.37
1607286284,"15",20.38,996.33,21.17,32.3,702,2.14
1607286264,"15",20.37,996.34,21.17,32.1,716,0
1607286244,"15",20.36,996.32,21.15,32.36,725,0
1607286224,"15",20.36,996.27,21.12,32.51,719,0.72
1607286203,"15",20.36,996.29,21.12,32.3,720,0
1607286183,"15",20.37,996.28,21.15,32.52,685,0
1607286163,"15",20.35,996.27,21.11,32.15,626,0
1607286143,"15",20.35,996.26,21.12,31.75,613,0.7
1607286122,"15",20.35,996.28,21.11,31.41,615,0
1607286102,"15",20.33,996.24,21.07,31.47,617,3.18
1607286082,"15",20.32,996.26,21.1,31.71,599,0.81
1607286062,"15",20.31,996.26,21.07,31.54,556,0
1607286041,"15",20.28,996.23,21.02,30.7,432,0
1607286021,"15",20.29,996.26,20.98,30.58,425,0
1607286001,"15",20.31,996.25,21.02,30.24,422,0
1607285981,"15",20.23,996.23,20.95,30.4,427,3.18
1607285960,"15",20.25,996.24,20.97,30.25,427,0
1607285940,"15",20.28,996.22,20.98,30.68,424,0
1607285920,"15",20.32,996.18,21.02,30.68,425,0
1607285900,"15",20.36,996.24,21.07,30.66,423,0
1607285880,"15",20.38,996.22,21.11,30.59,423,0
1607285859,"15",20.33,996.23,21.07,30.67,426,0
1607285839,"15",20.24,996.21,21,30.59,431,0
1607285819,"15",20.26,996.18,21.01,30.15,434,0
1607285799,"15",20.29,996.18,21.05,30.18,436,0
1607285778,"15",20.25,996.11,21.01,30.78,440,0
1607285758,"15",20.29,996.23,21.05,30.89,443,0
1607285738,"15",20.28,996.24,21.07,31.01,444,0
1607285718,"15",20.3,996.23,21.11,31,441,0
1607285697,"15",20.33,996.22,21.15,30.72,437,0
1607285677,"15",20.32,996.3,21.15,30.61,434,0
1607285657,"15",20.33,996.26,21.11,30.72,436,0
1607285637,"15",20.32,996.24,21.1,30.76,440,0
1607285616,"15",20.3,996.24,21.01,30.89,446,0
1607285596,"15",20.26,996.19,20.94,30.72,453,0
1607285576,"15",20.37,996.17,21.05,30.57,456,0
1607285556,"15",20.46,996.22,21.14,30.31,445,0
1607285536,"15",20.54,996.29,21.19,30.64,444,0
1607285515,"15",20.61,996.26,21.34,31,410,0
1607285495,"15",20.55,996.2,21.19,30.51,403,0
1607285475,"15",20.55,996.2,21.21,30.43,401,0
1607285455,"15",20.55,996.22,21.22,30.32,402,0
1607285434,"15",20.54,996.25,21.19,30.28,402,0
1607285414,"15",20.56,996.26,21.25,30.3,402,2.4
1607285394,"15",20.52,996.26,21.17,30.52,404,0.73
1607285374,"15",20.54,996.22,21.22,30.42,403,0
1607285353,"15",20.52,996.2,21.18,30.36,405,0
1607285333,"15",20.56,996.28,21.22,30.26,404,0
1607285313,"15",20.58,996.26,21.25,30.24,404,0
1607285293,"15",20.56,996.26,21.27,30.29,402,0
1607285272,"15",20.54,996.24,21.27,30.35,403,0
1607285259,"15",,,22.89,26.73,529,
1607285252,"15",20.51,996.23,21.24,30.17,404,0
1607285248,"15",,,22.89,26.8,529,
1607285238,"15",,,22.86,26.76,528,
1607285232,"15",20.52,996.19,21.28,30.35,405,0
1607285227,"15",,,22.86,26.71,529,
1607285217,"15",,,22.86,26.71,527,
1607285212,"15",20.52,996.18,21.27,30.38,405,0
1607285206,"15",,,22.86,26.66,528,
1607285196,"15",,,22.85,26.69,528,
1607285192,"15",20.54,996.21,21.28,30.42,406,0
1607285185,"15",,,22.83,26.69,529,
1607285175,"15",,,22.83,26.68,529,
1607285171,"15",20.56,996.18,21.34,30.33,404,0
1607285164,"15",,,22.82,26.71,529,
1607285154,"15",,,22.85,26.76,528,
1607285151,"15",20.58,996.18,21.35,30.31,403,0
1607285144,"15",,,22.82,26.74,529,
1607285133,"15",,,22.81,26.69,528,
1607285131,"15",20.58,996.16,21.35,30.33,406,0
1607285123,"15",,,22.79,26.63,529,
1607285112,"15",,,22.79,26.72,531,
1607285111,"15",20.59,996.16,21.41,30.29,405,3.14
1607285102,"15",,,22.79,26.77,531,
1607285091,"15",,,22.76,26.7,531,
1607285090,"15",20.61,996.17,21.41,30.16,403,0.69
1607285081,"15",,,22.81,26.71,530,
1607285070,"15",,,22.82,26.69,531,
1607285070,"15",20.62,996.17,21.44,30.2,404,0
1607285060,"15",,,22.79,26.77,531,
1607285050,"15",20.65,996.12,21.45,30.11,405,0
1607285049,"15",,,22.81,26.72,530,
1607285039,"15",,,22.78,26.81,527,
1607285030,"15",20.7,996.11,21.51,29.96,410,0.75
1607285019,"15",0,0,22.31,31.33,568,
1607285009,"15",20.78,996.09,21.59,29.77,409,0
1607285008,"15",0,0,22.31,31.33,568,
1607284998,"15",0,0,22.31,31.33,568,
1607284989,"15",20.81,996.11,21.62,29.86,408,0
1607284969,"15",20.84,996.14,21.64,29.98,416,0
1607284967,"15",0,0,22.31,31.33,568,
1607284949,"15",20.94,996.09,21.73,29.83,417,0
1607284937,"15",0,0,22.31,31.33,568,
1607284928,"15",21.05,996.09,21.83,29.64,413,2.24
1607284926,"15",0,0,22.31,31.33,568,
1607284908,"15",21.14,996.08,21.88,29.52,416,2.45
1607284888,"15",21.28,996.05,22.03,29.25,416,0
1607284875,"15",0,0,22.31,31.33,568,
1607284868,"15",21.3,996.04,22.05,29.23,421,0
1607284848,"15",21.4,996.04,22.06,29.1,426,0.69
1607284827,"15",21.59,996.07,22.19,29.01,434,0
1607284807,"15",21.79,996.02,22.34,28.76,441,0.81
1607284787,"15",22.02,996.03,22.5,28.67,434,0.8
1607284767,"15",22.23,996.05,22.61,28.54,428,3.09
1607284746,"15",22.46,996.07,22.78,28.35,386,0
1607284726,"15",22.58,996.06,22.78,28.19,347,2.77
1607284659,"15",22.35,995.75,23.21,27.81,457,0
1607284638,"15",22.34,995.73,23.21,27.97,531,2.36
1607284618,"15",22.34,995.72,23.28,28.42,526,0
1607284598,"15",22.36,995.7,23.26,27.96,494,2.33
1607284578,"15",22.39,995.82,23.26,27.69,550,0
1607284558,"15",22.42,995.68,23.32,29.09,687,2.41
1607284537,"15",22.41,995.78,23.32,29,690,0
1607284517,"15",22.38,995.77,23.29,29.58,559,0
1607284497,"15",22.3,995.73,23.17,28.23,511,0.56
1607284464,"15",22.18,,23.12,28.98,769,0
1607284444,"15",22.14,,22.95,28.32,436,0
1607284424,"15",22.11,,22.9,28.33,527,0
1607284404,"15",22.13,,22.94,28.45,605,1.58
1607284383,"15",22.12,,22.88,28.2,465,0
1607284363,"15",22.14,,22.87,28.3,530,0
1607284343,"15",22.17,,22.97,29.17,630,0
1607284323,"15",22.16,,22.95,28.56,698,0.71
1607284302,"15",22.17,,22.91,28.97,634,0
1607284282,"15",22.11,,22.85,28.68,451,0
1607284262,"15",22.14,,22.8,28.41,459,0.54
1607284242,"15",22.16,,22.9,28.37,464,0
1607284222,"15",22.19,,22.9,28.3,483,0
1607284201,"15",22.23,,22.98,28.28,591,2.42
1607284181,"15",22.27,,23.08,29.82,574,0
1607284161,"15",22.24,,23.01,28.2,525,0
1607284141,"15",22.23,,23.04,28.22,703,0
1607284121,"15",22.23,,23.06,28.42,588,0
1607284100,"15",22.21,,23.01,28.25,452,0
1607284080,"15",22.23,,23.04,28.18,455,2.4
1607284060,"15",22.24,,23.04,28.12,462,0
1607284040,"15",22.26,,22.99,28.13,477,0
1607284019,"15",22.27,,23.01,28.19,496,2.42
1607283999,"15",22.3,,23.04,28.25,550,0
1607283979,"15",22.34,,23.1,28.72,826,0
1607283959,"15",22.35,,23.11,28.11,603,0
1607283939,"15",22.43,,23.28,28.33,1241,0
1607283918,"15",22.46,,23.36,33.45,1534,0.75
1607283898,"15",22.36,,23.31,31.13,1742,0
1607283878,"15",22.26,,23.18,28.29,635,0
1607283858,"15",22.24,,23.21,28.13,468,0.59
1607283826,"15",22.22,,23.15,28.11,464,0
1607283805,"15",22.23,,23.15,28.14,482,0
1607283785,"15",22.25,,23.25,28.09,600,0
1607283765,"15",22.26,,23.25,28.85,1106,2.4
1607283745,"15",22.24,,23.28,29.91,482,0
1607283725,"15",22.23,,23.22,28,464,0
1607283704,"15",22.22,,23.24,28,474,0.61
1607281754,"15",21.01,,21.48,30.59,452,0
1607281734,"15",21.06,,21.38,30.83,448,0
1607281714,"15",21.13,,21.22,31.07,439,0
1607281693,"15",21.23,,21.02,31.39,420,0
1607281673,"15",21.4,,20.78,31.85,411,0
1607281653,"15",21.65,,20.51,32.6,250,0.08
1607281611,"15",21.02,995.61,23.19,26.25,533,
1607281600,"15",21.01,995.64,23.16,26.21,533,
1607281590,"15",21,995.62,23.13,26.24,534,
1607281579,"15",20.97,995.6,23.06,26.27,532,
1607281569,"15",20.98,995.65,23.07,26.31,531,
1607281558,"15",20.97,995.63,23.06,26.31,528,
1607281547,"15",20.97,995.58,23.1,26.25,527,
1607281537,"15",20.96,995.56,23.1,26.25,525,
1607281526,"15",20.96,995.67,23.09,26.16,525,
1607281516,"15",20.97,995.6,23.23,26.07,524,
1607281505,"15",20.96,995.57,23.18,26.12,523,
1607281495,"15",20.93,995.63,23.2,26.28,522,
1607281484,"15",20.9,995.63,23,26.22,530,
1607281473,"15",20.91,995.69,23.12,26.18,531,
1607281463,"15",20.9,995.6,23.12,26.42,533,
1607281452,"15",20.9,995.64,22.98,26.41,543,
1607281442,"15",20.91,995.66,23,26.34,542,
1607281431,"15",20.92,995.62,23.03,26.34,544,
1607281421,"15",20.93,995.6,23.06,26.28,532,
1607281410,"15",20.94,995.6,23.19,26.21,537,
1607281400,"15",20.95,995.63,23.13,26.24,541,
1607281389,"15",20.96,995.62,23.12,26.42,541,
1607281378,"15",20.97,995.61,23.13,26.27,544,
1607281368,"15",20.99,995.52,23.16,26.35,544,
1607281357,"15",21.01,995.57,23.1,26.38,543,
1607281347,"15",21.02,995.57,23.03,26.42,543,
1607281336,"15",21.05,995.6,23.02,26.52,544,
1607281326,"15",21.08,995.52,23.03,26.49,547,
1607281315,"15",21.09,995.59,22.99,26.58,545,
1607281304,"15",21.08,995.57,23.02,26.55,548,
1607281294,"15",21.11,995.56,23,26.69,551,
1607281283,"15",21.12,995.57,23,26.63,553,
1607281273,"15",21.15,995.58,22.99,26.66,556,
1607281262,"15",21.18,995.61,23.03,26.59,559,
1607281252,"15",21.17,995.63,23.03,26.66,567,
1607281241,"15",21.16,995.56,23,26.98,575,
1607281230,"15",21.17,995.68,23.12,27.93,567,
1607281220,"15",21.06,995.71,23.02,26.58,563,
1607281209,"15",21.08,995.64,23.02,26.49,563,
1607281199,"15",21.08,995.52,23.06,26.7,563,
1607281188,"15",21.08,995.46,23.03,26.68,564,
1607281178,"15",21.08,995.56,23.09,26.59,564,
1607281167,"15",21.08,995.53,23.05,26.63,565,
1607281156,"15",21.09,995.56,23.07,26.65,565,
1607281146,"15",21.1,995.54,23.1,26.53,567,
1607281135,"15",21.1,995.56,23.09,26.54,566,
1607281125,"15",21.09,995.55,23.12,26.62,567,
1607281114,"15",21.1,995.58,23.09,26.62,567,
1607281104,"15",21.1,995.56,23.13,26.49,568,
1607281093,"15",21.11,995.52,23.15,26.55,568,
1607281082,"15",21.11,995.53,23.16,26.63,570,
1607281072,"15",21.1,995.52,23.13,26.62,569,
1607281061,"15",21.11,995.57,23.13,26.56,568,
1607281051,"15",21.11,995.58,23.19,26.46,570,
1607281040,"15",21.12,995.58,23.16,26.55,570,
1607281030,"15",21.12,995.56,23.19,26.55,567,
1607281019,"15",21.13,995.55,23.22,26.45,566,
1607281008,"15",21.13,995.56,23.19,26.46,567,
1607280998,"15",21.13,995.54,23.22,26.41,566,
1607280987,"15",21.14,995.51,23.23,26.43,566,
1607280977,"15",21.14,995.49,23.25,26.48,566,
1607280966,"15",21.12,995.46,23.25,26.59,565,
1607280956,"15",21.09,995.46,23.15,26.96,568,
1607280945,"15",21.07,995.49,23.09,26.68,571,
1607280934,"15",21.07,995.55,23.12,26.65,569,
1607280924,"15",21.07,995.54,23.07,26.7,568,
1607280913,"15",21.08,995.57,23.06,26.7,568,
1607280903,"15",21.1,995.59,23.12,26.67,568,
1607280892,"15",21.11,995.57,23.12,26.64,569,
1607280882,"15",21.12,995.54,23.12,26.59,572,
1607280871,"15",21.14,995.58,23.15,26.63,569,
1607280860,"15",21.15,995.58,23.12,26.72,567,
1607280850,"15",21.16,995.59,23.12,26.7,564,
1607280839,"15",21.17,995.6,23.1,26.82,571,
1607280829,"15",21.19,995.54,23.1,26.87,584,
1607280818,"15",21.17,995.53,23.13,26.73,592,
1607280797,"15",21.16,995.61,23.1,26.65,627,
1607280786,"15",21.16,995.57,23.07,26.76,652,
1607280776,"15",21.17,995.59,23.07,27.22,637,
1607280765,"15",21.16,995.54,23.02,26.71,543,
1607280755,"15",21.16,995.6,23.03,26.6,541,
1607280744,"15",21.15,995.57,23.05,26.5,546,
1607280734,"15",21.16,995.56,23.06,26.66,546,
1607280715,"15",21.15,995.54,23.05,26.45,551,
1607280704,"15",21.16,995.53,23.06,26.45,549,
1607280694,"15",21.16,995.58,23.1,26.38,557,
1607280683,"15",21.16,995.66,23.12,26.45,573,
1607280673,"15",21.16,995.6,23.12,26.67,569,
1607280662,"15",21.15,995.58,23.07,26.5,552,
1607280652,"15",21.14,995.55,23.09,26.57,554,
1607280629,"15",21.17,995.5,23.16,26.53,553,
1607280619,"15",21.19,995.55,23.18,26.5,552,
1607280608,"15",21.2,995.59,23.15,26.5,550,
1607280597,"15",21.2,995.59,23.18,26.34,547,
1607280587,"15",21.21,995.56,23.18,26.44,544,
1607280576,"15",21.24,995.61,23.2,26.39,541,
1607280546,"15",21.26,995.59,23.19,26.38,541,
1607280536,"15",21.27,995.57,23.19,26.32,539,
1607280525,"15",21.3,995.6,23.18,26.28,540,
1607280514,"15",21.32,995.58,23.18,26.24,539,
1607280504,"15",21.36,995.59,23.22,26.19,541,
1607280475,"15",21.35,995.54,23.19,26.17,544,
1607280464,"15",21.38,995.55,23.22,26.19,546,
1607280444,"15",21.41,995.57,23.25,26.16,550,
1607280433,"15",21.42,995.53,23.3,26.08,553,
1607280423,"15",21.46,995.55,23.29,26.17,553,
1607280412,"15",21.48,995.54,23.3,26.1,558,
1607280402,"15",21.52,995.55,23.37,26.07,559,
1607280392,"15",21.58,995.54,23.39,25.99,560,
1607280381,"15",21.64,995.53,23.43,26.02,559,
1607280371,"15",21.68,995.56,23.47,25.96,557,
1607280360,"15",21.73,995.57,23.51,25.95,557,
1607280350,"15",21.76,995.56,23.62,27.68,554,
1607280339,"15",21.66,995.54,23.62,29.71,546,
1607280315,"15",21.41,995.51,23.23,26.35,566,
1607280305,"15",21.44,995.52,23.29,26.64,568,
1607280294,"15",21.45,995.47,23.29,26.39,570,
1607280283,"15",21.41,995.49,23.27,27.11,573,
1607280258,"15",21.35,995.49,23.22,26.48,576,
1607280247,"15",21.36,995.49,23.22,26.71,574,
1607280237,"15",21.36,995.5,23.27,26.68,569,
1607280215,"15",21.34,995.54,23.22,26.45,566,
1607280205,"15",21.35,995.54,23.23,26.29,567,
1607280194,"15",21.35,995.49,23.23,26.29,575,
1607280170,"15",21.4,995.47,23.33,26.18,575,
1607280160,"15",21.43,995.42,23.41,26.71,570,
1607280149,"15",21.41,995.38,23.43,26.74,568,
1607280139,"15",21.34,995.44,23.39,27.6,569,
1607280108,"15",21.12,995.47,23.03,27.28,590,
1607280098,"15",21.07,995.53,23.02,27.35,567,
1607280076,"15",21.02,995.56,22.95,26.85,557,
1607280056,"15",21.06,995.55,22.96,26.86,567,
1607280045,"15",21.08,995.51,23,26.95,570,
1607280023,"15",21.09,995.48,22.95,26.79,575,
1607280012,"15",21.08,995.53,22.96,26.87,574,
1607280002,"15",21.1,995.48,22.95,26.87,572,
1607279991,"15",21.13,995.48,23.02,26.84,575,
1607279980,"15",21.17,995.51,23.02,26.86,573,
1607279970,"15",21.2,995.5,23.05,27.06,585,
1607279942,"15",21.18,995.48,23.19,27.52,586,
1607279932,"15",21.13,995.42,23.15,27.56,596,
1607279913,"15",21.03,995.42,22.93,26.9,569,
1607279902,"15",21.04,995.43,23.03,26.82,574,
1607279892,"15",21.07,995.43,23.15,27.42,579,
1607279881,"15",21.06,995.47,23.05,27.46,581,
1607279860,"15",21.05,995.43,23.12,27.13,599,
1607279850,"15",21.03,995.39,23.16,28.07,572,
1607279839,"15",20.98,995.35,22.88,27.19,578,
1607279816,"15",20.98,995.4,22.92,27.07,580,
1607279806,"15",20.98,995.42,22.91,27.05,581,
1607279795,"15",20.98,995.48,22.89,27.1,580,
1607279784,"15",20.97,995.46,22.89,27.17,581,
1607279774,"15",20.97,995.44,22.88,27.17,581,
1607279753,"15",20.98,995.46,22.86,27.26,581,
1607279742,"15",20.98,995.46,22.92,27.13,581,
1607279732,"15",20.99,995.46,22.92,27.05,583,
1607279705,"15",21.01,995.46,22.98,27.18,586,
1607279694,"15",21.01,995.49,22.95,27.26,587,
1607279684,"15",21.01,995.46,22.96,27.24,587,
1607279673,"15",21.01,995.47,22.95,27.24,587,
1607279663,"15",21.02,995.48,22.95,27.15,587,
1607279652,"15",21.03,995.43,22.99,27.2,587,
1607279642,"15",21.03,995.41,22.95,27.09,589,
1607279631,"15",21.04,995.45,22.93,27.05,587,
1607279621,"15",21.06,995.42,22.99,27.1,588,
1607279610,"15",21.07,995.39,23.02,27.03,587,
1607279600,"15",21.08,995.4,23.05,27.02,587,
1607279589,"15",21.08,995.38,23.07,27,588,
1607279579,"15",21.07,995.42,23.03,27,591,
1607279568,"15",21.07,995.43,23.03,27.01,592,
1607279558,"15",21.07,995.45,23.06,27.05,591,
1607279547,"15",21.04,995.44,23.03,27.09,594,
1607279537,"15",21.04,995.39,23,27.03,596,
1607279518,"15",21.03,995.37,23.02,27.11,597,
1607279507,"15",21.04,995.47,23,27.12,596,
1607279497,"15",21.04,995.43,23.02,27.12,597,
1607279486,"15",21.03,995.46,23.03,27.12,597,
1607279476,"15",21.03,995.46,23.05,27.03,597,
1607279465,"15",21.03,995.47,23.05,27.08,596,
1607279439,"15",21.02,995.47,23.06,27.11,591,
1607279429,"15",21.02,995.47,23.05,27.06,594,
1607279418,"15",21.01,995.44,23.03,27.14,595,
1607279408,"15",21.01,995.43,23.05,27.19,602,
1607279397,"15",21.02,995.41,23.06,27.25,595,
1607279387,"15",21.02,995.4,23.06,27.19,589,
1607279376,"15",21.03,995.4,23.07,27.4,590,
1607279366,"15",21.01,995.38,23.06,27.12,582,
1607279338,"15",21.05,995.38,23.02,27.18,577,
1607279328,"15",21.06,995.39,23,27.09,576,
1607279309,"15",21.07,995.36,23.03,27.01,576,
1607279299,"15",21.07,995.34,23.03,27.03,576,
1607279288,"15",21.08,995.38,23.05,27.11,577,
1607279278,"15",21.09,995.38,23.03,27.06,575,
1607279267,"15",21.09,995.37,23.02,27.08,576,
1607279257,"15",21.1,995.33,23,26.94,578,
1607279246,"15",21.12,995.33,23.03,27.11,577,
1607279221,"15",21.12,995.35,23.03,26.88,573,
1607279210,"15",21.13,995.37,23.05,26.76,574,
1607279200,"15",21.14,995.36,23.05,26.77,575,
1607279190,"15",21.14,995.32,23.07,26.83,576,
1607279179,"15",21.15,995.33,23.09,26.77,579,
1607279169,"15",21.14,995.29,23.1,26.76,577,
1607279141,"15",21.13,995.35,23.12,26.68,573,
1607279131,"15",21.12,995.35,23.09,26.73,573,
1607279120,"15",21.12,995.34,23.09,26.7,578,
1607279110,"15",21.13,995.33,23.13,26.79,578,
1607279100,"15",21.13,995.33,23.1,26.79,575,
1607279089,"15",21.12,995.36,23.09,26.88,576,
1607279079,"15",21.12,995.31,23.15,26.89,575,
1607279069,"15",21.12,995.33,23.12,27.07,574,
1607279058,"15",21.13,995.31,23.07,27.02,576,
1607279048,"15",21.13,995.33,23.06,26.94,575,
1607279038,"15",21.13,995.34,23.09,26.73,577,
1607279027,"15",21.11,995.33,23.13,26.72,578,
1607279017,"15",21.1,995.34,23.15,26.76,579,
1607279007,"15",21.1,995.45,23.12,26.91,580,
1607278996,"15",21.11,995.41,23.09,26.87,582,
1607278962,"15",21.07,995.32,23.1,27.11,588,0
1607278942,"15",21.07,995.46,23.03,27.35,591,0
1607278897,"15",20.98,,22.89,27.26,595,0
1607278877,"15",20.99,,22.89,27.14,597,0
1607278856,"15",20.98,,22.89,27.06,602,0
1607278836,"15",20.95,,22.89,27.28,610,0
1607278816,"15",20.95,,22.89,27.53,614,0
1607278796,"15",20.94,,22.78,27.55,616,0
1607278776,"15",20.92,,22.79,27.47,619,0
1607278756,"15",20.91,,22.79,27.59,632,0
1607278735,"15",20.9,,22.76,28.03,637,0
1607278715,"15",20.9,,22.79,27.55,622,0
1607278695,"15",20.84,,22.81,27.38,615,0
1607278675,"15",20.74,,22.78,27.44,656,0
1607278655,"15",20.66,,22.7,28.4,592,0
1607278634,"15",20.6,,22.48,27.8,581,0
1607278614,"15",20.58,,22.52,27.83,583,0
1607278594,"15",20.57,,22.45,27.81,583,0
1607278574,"15",20.58,,22.55,27.82,585,0
1607278554,"15",20.59,,22.55,27.73,585,0
1607278533,"15",20.57,,22.52,27.82,586,0
1607278513,"15",20.57,,22.51,27.78,588,0
1607278493,"15",20.59,,22.48,27.81,589,0
1607278473,"15",20.62,,22.48,27.78,589,0
1607278453,"15",20.65,,22.54,27.83,592,0
1607278433,"15",20.68,,22.57,27.83,595,0
1607278412,"15",20.73,,22.64,27.73,594,0
1607278373,"15",20.82,,22.62,27.73,597,0
1607278353,"15",20.87,,22.67,27.76,598,0
1607278333,"15",20.94,,22.7,27.78,599,0
1607278313,"15",21.03,,22.7,27.83,600,0
1607278292,"15",21.12,,22.71,27.74,600,0
1607278272,"15",21.21,,22.74,27.73,601,0
1607278252,"15",21.32,,22.78,27.73,601,0
