"timestamp","deviceId","temp","humid","co2"
1607297685,"15",22.47,31.04,607
1607297675,"15",22.5,30.72,609
1607297664,"15",22.47,30.84,612
1607297654,"15",22.52,30.8,615
1607297643,"15",22.52,30.88,616
1607297633,"15",22.52,30.95,617
1607297622,"15",22.51,31.03,617
1607297612,"15",22.51,31.21,619
1607297601,"15",22.51,31.24,621
1607297591,"15",22.5,31.3,623
1607297581,"15",22.51,31.24,625
1607297570,"15",22.55,31.21,625
1607297560,"15",22.54,31.24,626
1607297549,"15",22.54,31.48,629
1607297539,"15",22.55,31.6,631
1607297528,"15",22.54,31.49,631
1607297518,"15",22.54,31.61,633
1607297507,"15",22.55,31.66,634
1607297497,"15",22.55,31.65,634
1607297486,"15",22.55,31.57,635
1607297476,"15",22.57,31.57,635
1607297465,"15",22.6,31.54,637
1607297455,"15",22.62,31.56,637
1607297445,"15",22.67,31.69,638
1607297434,"15",22.64,31.64,639
1607297424,"15",22.6,31.63,640
1607297413,"15",22.57,31.66,641
1607297403,"15",22.6,31.74,644
1607297392,"15",22.64,31.76,644
1607297382,"15",22.62,31.86,644
1607297371,"15",22.68,31.96,646
1607297361,"15",22.65,31.94,645
1607297350,"15",22.71,31.93,645
1607297340,"15",22.72,31.92,644
1607297329,"15",22.74,31.94,644
1607297319,"15",22.71,31.8,644
1607297309,"15",22.75,31.68,644
1607297298,"15",22.75,31.56,644
1607297288,"15",22.74,31.88,642
1607297277,"15",22.72,31.94,642
1607297267,"15",22.72,32.07,644
1607297256,"15",22.71,32.18,647
1607297246,"15",22.75,31.8,648
1607297235,"15",22.75,31.98,649
1607297225,"15",22.76,31.82,651
1607297214,"15",22.82,31.79,651
1607297204,"15",22.82,31.88,653
1607297193,"15",22.82,32.01,652
1607297183,"15",22.79,32,653
1607297173,"15",22.82,31.99,653
1607297162,"15",22.83,32.02,656
1607297152,"15",22.83,32.16,657
1607297141,"15",22.82,32.21,658
1607297131,"15",22.86,32.12,653
1607297120,"15",22.89,32.29,651
1607297110,"15",22.89,32.36,651
1607297099,"15",22.89,32.41,660
1607297089,"15",22.88,32.06,646
1607297078,"15",22.91,32.15,720
1607297068,"15",22.95,32.15,726
1607297057,"15",22.98,32.17,731
1607297047,"15",23.02,32.32,734
1607297037,"15",23.02,32.58,735
1607297026,"15",23.09,32.99,735
1607297016,"15",23.15,33.05,733
1607297005,"15",23.16,32.95,734
1607296995,"15",23.18,32.91,735
1607296984,"15",23.13,32.97,739
1607296974,"15",23.16,32.8,746
1607296963,"15",23.2,32.58,749
1607296953,"15",23.39,32.32,727
1607296942,"15",23.37,32.21,734
1607296932,"15",23.25,32.66,779
1607296921,"15",23.22,33.05,783
1607296911,"15",23.25,32.99,785
1607296901,"15",23.32,32.89,785
1607296890,"15",23.27,33.06,790
1607296880,"15",23.36,32.93,788
1607296869,"15",23.36,33.16,794
1607296859,"15",23.25,33.68,801
1607296848,"15",23.12,34.19,808
1607296838,"15",23.18,34.46,808
1607296827,"15",23.03,34.93,814
1607296817,"15",23.03,35.12,813
1607296806,"15",22.95,35.34,815
1607296796,"15",23,35.64,816
1607296785,"15",23.07,36.09,812
1607296775,"15",23,36.19,812
1607296765,"15",23,35.16,807
1607296754,"15",23.02,33.8,803
1607296744,"15",23.05,33.53,802
1607296733,"15",23.13,33.21,800
1607296723,"15",23.2,33.2,800
1607296712,"15",23.13,33.61,802
1607296702,"15",23.02,33.65,803
1607296691,"15",23.03,33.87,800
1607296681,"15",22.99,34.05,802
1607296670,"15",22.88,34.14,802
1607296660,"15",22.92,34.05,801
1607296649,"15",23,34.15,798
1607296639,"15",22.89,34.29,798
1607296629,"15",22.85,34.17,797
1607296618,"15",22.91,34.19,793
1607296608,"15",22.85,34.34,793
1607296597,"15",22.76,34.39,795
1607296587,"15",22.75,34.61,794
1607296576,"15",22.65,34.75,793
1607296566,"15",22.67,34.53,787
1607296555,"15",22.67,34.38,785
1607296545,"15",22.68,34.05,784
1607296534,"15",22.79,33.83,782
1607296524,"15",22.78,33.79,780
1607296514,"15",22.79,33.64,780
1607296503,"15",22.85,33.35,778
1607296493,"15",22.86,33.14,778
1607296482,"15",22.81,33.34,783
1607296472,"15",22.65,33.63,785
1607296461,"15",22.6,33.67,783
1607296451,"15",22.6,33.53,778
1607296440,"15",22.62,33.47,771
1607296430,"15",22.68,33.25,770
1607296419,"15",22.76,32.98,762
1607296409,"15",22.71,33.02,764
1607296398,"15",22.76,32.61,757
1607296388,"15",22.7,33.08,764
1607296378,"15",22.54,33.76,781
1607296367,"15",22.5,33.98,779
1607296357,"15",22.54,33.81,776
1607296346,"15",22.44,34.26,792
1607296336,"15",22.4,34.47,759
1607296325,"15",22.41,34.52,750
1607296315,"15",22.37,34.39,749
1607296304,"15",22.41,34.36,745
1607296294,"15",22.43,34.3,743
1607296283,"15",22.47,34.71,742
1607296273,"15",22.41,35.05,742
1607296262,"15",22.38,34.49,743
1607296252,"15",22.34,34.63,743
1607296242,"15",22.35,34.65,745
1607296231,"15",22.4,34.6,745
1607296221,"15",22.41,34.9,745
1607296210,"15",22.43,34.77,745
1607296200,"15",22.41,34.7,747
1607296189,"15",22.43,34.7,747
1607296179,"15",22.47,34.65,748
1607296168,"15",22.45,34.58,748
1607296158,"15",22.45,34.76,747
1607296147,"15",22.48,34.99,748
1607296137,"15",22.5,34.97,750
1607296126,"15",22.5,34.95,749
1607296116,"15",22.52,34.8,749
1607296106,"15",22.52,34.82,749
1607296095,"15",22.51,34.73,749
1607296085,"15",22.54,34.59,750
1607296074,"15",22.54,34.69,750
1607296064,"15",22.52,34.99,747
1607296053,"15",22.51,35.13,747
1607296043,"15",22.5,35.21,748
1607296032,"15",22.54,35.13,746
1607296022,"15",22.55,35.35,746
1607296011,"15",22.57,35.5,746
1607296001,"15",22.58,35.61,745
1607295990,"15",22.58,35.62,744
1607295980,"15",22.58,35.57,740
1607295970,"15",22.62,35.5,736
1607295959,"15",22.58,35.47,735
1607295949,"15",22.54,35.16,738
1607295938,"15",22.54,34.82,739
1607295928,"15",22.55,34.69,738
1607295917,"15",22.57,34.59,742
1607295907,"15",22.58,35,743
1607295896,"15",22.6,35.08,751
1607295886,"15",22.62,35.01,754
1607295875,"15",22.6,34.91,756
1607295865,"15",22.62,34.96,761
1607295854,"15",22.64,35.18,765
1607295844,"15",22.62,35.29,769
1607295834,"15",22.64,35.5,774
1607295823,"15",22.64,35.84,776
1607295813,"15",22.65,36,777
1607295802,"15",22.65,36.05,776
1607295792,"15",22.67,36.21,778
1607295781,"15",22.68,36.19,778
1607295771,"15",22.7,36.41,777
1607295760,"15",22.71,36.33,778
1607295750,"15",22.7,35.97,778
1607295739,"15",22.74,35.6,778
1607295729,"15",22.76,35.24,780
1607295718,"15",22.78,35.45,783
1607295708,"15",22.76,35.45,788
1607295698,"15",22.76,35.42,795
1607295687,"15",22.81,35.59,802
1607295677,"15",22.76,35.82,809
1607295666,"15",22.81,35.94,812
1607295656,"15",22.83,36.12,815
1607295645,"15",22.91,36.32,818
1607295635,"15",22.91,36.22,822
1607295624,"15",22.91,36.27,828
1607295614,"15",22.89,36.13,832
1607295603,"15",22.86,36.82,837
1607295593,"15",22.86,36.9,843
1607295582,"15",22.85,36.71,843
1607295572,"15",22.83,36.62,843
1607295562,"15",22.85,36.57,851
1607295551,"15",22.83,36.49,857
1607295541,"15",22.82,36.48,861
1607295530,"15",22.85,36.76,863
1607295520,"15",22.83,36.83,865
1607295509,"15",22.82,37.02,867
1607295499,"15",22.88,37.13,868
1607295488,"15",22.88,36.76,869
1607295478,"15",22.91,36.88,871
1607295467,"15",22.89,37.21,873
1607295457,"15",22.91,37.23,873
1607295446,"15",22.96,37.23,869
1607295436,"15",22.96,37.39,869
1607295426,"15",22.93,37.51,868
1607295415,"15",22.88,37.39,870
1607295405,"15",22.88,37.45,872
1607295394,"15",22.79,37.51,875
1607295384,"15",22.81,37.75,878
1607295373,"15",22.78,37.77,872
1607295363,"15",22.79,37.81,878
1607295352,"15",22.76,37.99,883
1607295342,"15",22.79,38.05,899
1607295331,"15",22.76,38.41,922
1607295321,"15",22.76,38.71,965
1607295310,"15",22.76,39.55,979
1607295300,"15",22.78,40.33,989
1607295290,"15",22.79,40.51,1019
1607295279,"15",22.76,39.38,1043
1607295269,"15",22.74,39.32,1059
1607295258,"15",22.72,39.28,1063
1607295248,"15",22.76,39.73,1063
1607295237,"15",22.76,39.05,1060
1607295227,"15",22.72,39.58,1065
1607295216,"15",22.71,39.53,1067
1607295206,"15",22.68,39.21,1078
1607295195,"15",22.67,39.94,1074
1607295185,"15",22.62,40.51,1079
1607295174,"15",22.65,40.91,1045
1607295164,"15",22.61,40.57,1030
1607295153,"15",22.55,39.54,1026
1607295143,"15",22.6,39.49,1026
1607295133,"15",22.52,38.98,1025
1607295122,"15",22.5,40.06,1025
1607295112,"15",22.5,40.19,1018
1607295101,"15",22.45,38.68,1014
1607295091,"15",22.47,38.85,1014
1607295080,"15",22.41,39.48,1019
1607295070,"15",22.38,40.09,1012
1607295059,"15",22.4,39.6,1010
1607295049,"15",22.37,38.53,1005
1607295038,"15",22.34,38.33,1006
1607295028,"15",22.34,38.63,1006
1607295017,"15",22.33,39.68,1002
1607295007,"15",22.31,39.76,998
1607294997,"15",22.3,39.37,994
1607294986,"15",22.31,39.11,992
1607294976,"15",22.28,37.9,989
1607294965,"15",22.27,37.65,990
1607294955,"15",22.31,37.98,991
1607294944,"15",22.3,37.09,989
1607294934,"15",22.3,36.62,990
1607294923,"15",22.28,36.4,996
1607294913,"15",22.3,36.96,998
1607294902,"15",22.31,37.37,998
1607294892,"15",22.3,37.39,996
1607294881,"15",22.28,37.04,992
1607294871,"15",22.28,37.01,992
1607294861,"15",22.25,37.13,988
1607294850,"15",22.24,36.92,980
1607294840,"15",22.23,36.96,968
1607294829,"15",22.24,36.73,963
1607294819,"15",22.21,36.33,956
1607294808,"15",22.24,35.99,925
1607294798,"15",22.24,35.2,919
1607294787,"15",22.25,34.7,917
1607294777,"15",22.27,34.05,918
1607294766,"15",22.24,34.19,922
1607294756,"15",22.27,34.65,921
1607294746,"15",22.28,34.73,920
1607294735,"15",22.28,35,917
1607294725,"15",22.28,36.2,916
1607294714,"15",22.27,34.83,916
1607294704,"15",22.21,34.54,917
1607294693,"15",22.2,34.74,923
1607294683,"15",22.16,35.78,923
1607294672,"15",22.2,36.53,921
1607294662,"15",22.17,36.15,921
1607294651,"15",22.19,35.29,921
1607294641,"15",22.14,35.05,923
1607294630,"15",22.16,34.95,921
1607294620,"15",22.14,34.51,926
1607294610,"15",22.14,34.41,932
1607294599,"15",22.14,34.88,940
1607294589,"15",22.14,35.4,938
1607294578,"15",22.16,35.84,932
1607294568,"15",22.17,35.82,909
1607294557,"15",22.19,34.75,882
1607294547,"15",22.14,32.89,859
1607294536,"15",22.14,32.14,912
1607294526,"15",22.17,32.7,937
1607294515,"15",22.21,33.39,962
1607294505,"15",22.23,33.8,973
1607294495,"15",22.24,33.85,912
1607294484,"15",22.24,33.67,878
1607294474,"15",22.21,32.99,869
1607294463,"15",22.24,32.41,866
1607294453,"15",22.25,32.32,864
1607294442,"15",22.28,32.66,864
1607294432,"15",22.31,32.73,864
1607294421,"15",22.27,32.42,865
1607294411,"15",22.2,32.58,866
1607294400,"15",22.13,32.65,869
1607294390,"15",22.14,32.59,870
1607294379,"15",22.16,32.48,869
1607294369,"15",22.16,32.51,875
1607294359,"15",22.14,32.51,878
1607294348,"15",22.14,32.71,878
1607294338,"15",22.16,32.88,882
1607294327,"15",22.16,32.94,874
1607294317,"15",22.2,32.87,869
1607294306,"15",22.21,32.84,864
1607294296,"15",22.17,32.94,867
1607294285,"15",22.14,33.09,870
1607294275,"15",22.16,32.85,851
1607294264,"15",22.2,32.58,813
1607294254,"15",22.21,32.5,796
1607294244,"15",22.21,32.38,784
1607294233,"15",22.17,32.1,775
1607294223,"15",22.2,31.98,769
1607294212,"15",22.16,31.85,783
1607294202,"15",22.19,31.73,774
1607294191,"15",22.19,31.72,705
1607294181,"15",22.24,31.89,685
1607294170,"15",22.13,32.02,684
1607294160,"15",22.17,31.61,685
1607294149,"15",22.09,31.83,690
1607294139,"15",22.07,31.85,690
1607294128,"15",22.07,31.82,689
1607294118,"15",22.14,31.85,682
1607294108,"15",22.14,31.7,682
1607294097,"15",22.17,31.61,678
1607294087,"15",22.2,31.43,677
1607294076,"15",22.21,31.4,675
1607294066,"15",22.19,31.49,676
1607294055,"15",22.16,31.5,680
1607294045,"15",22.19,31.4,673
1607294034,"15",22.28,31.38,668
1607294024,"15",22.24,31.33,669
1607294013,"15",22.27,31.34,670
1607294003,"15",22.25,31.27,674
1607293993,"15",22.2,31.35,678
1607293982,"15",22.21,31.38,679
1607293972,"15",22.19,31.38,680
1607293961,"15",22.21,31.29,675
1607293951,"15",22.31,31.22,671
1607293940,"15",22.28,31.21,666
1607293930,"15",22.33,31.03,664
1607293919,"15",22.33,30.94,664
1607293909,"15",22.41,30.93,658
1607293898,"15",22.41,30.94,658
1607293888,"15",22.34,30.88,659
1607293877,"15",22.34,31.03,658
1607293867,"15",22.23,31.28,679
1607293857,"15",22.1,31.59,687
1607293846,"15",22.07,31.71,687
1607293836,"15",22.04,31.77,687
1607293825,"15",22.02,31.78,689
1607293815,"15",22.12,31.73,688
1607293804,"15",22.06,31.91,688
1607293794,"15",22.04,31.91,685
1607293783,"15",22.06,31.97,686
1607293773,"15",21.99,31.72,688
1607293762,"15",21.99,31.67,688
1607293752,"15",22.02,31.64,689
1607293742,"15",21.93,31.94,696
1607293731,"15",21.93,31.86,701
1607293721,"15",21.95,31.76,703
1607293710,"15",22.03,31.8,707
1607293700,"15",22,31.9,715
1607293689,"15",22,32.04,719
1607293679,"15",21.95,32.28,726
1607293668,"15",21.93,32.38,730
1607293658,"15",21.95,32.46,731
1607293647,"15",21.93,32.58,731
1607293637,"15",21.96,32.59,731
1607293626,"15",21.96,33,732
1607293616,"15",21.95,33.01,732
1607293606,"15",21.95,33.07,732
1607293595,"15",21.95,32.98,732
1607293585,"15",21.89,33.17,734
1607293574,"15",21.93,33.15,734
1607293564,"15",21.96,33.07,731
1607293553,"15",22,32.76,728
1607293543,"15",21.95,32.54,727
1607293532,"15",21.93,32.28,726
1607293522,"15",21.97,31.99,725
1607293511,"15",21.97,32.22,722
1607293501,"15",21.95,31.99,720
1607293491,"15",21.92,31.86,718
1607293480,"15",21.91,31.39,717
1607293470,"15",21.92,31.07,718
1607293459,"15",21.93,30.95,716
1607293449,"15",21.97,30.88,713
1607293438,"15",21.99,30.75,712
1607293428,"15",21.99,30.66,712
1607293417,"15",22,30.62,711
1607293407,"15",22,30.68,711
1607293396,"15",21.99,30.69,710
1607293386,"15",22.02,30.64,707
1607293375,"15",22.02,30.62,705
1607293365,"15",22.04,30.53,702
1607293355,"15",22.07,30.5,701
1607293344,"15",22.03,30.64,700
1607293334,"15",22,30.6,700
1607293323,"15",22.03,30.57,700
1607293313,"15",22.06,30.62,697
1607293302,"15",22.03,30.62,696
1607293292,"15",22.03,30.71,694
1607293281,"15",22.02,30.65,692
1607293271,"15",22,30.6,690
1607293260,"15",22.02,30.59,690
1607293250,"15",22.02,30.65,691
1607293240,"15",22.02,30.68,690
1607293229,"15",22.02,30.64,689
1607293219,"15",22.03,30.65,688
1607293208,"15",22.06,30.61,685
1607293198,"15",22.07,30.64,682
1607293187,"15",22.06,30.62,676
1607293177,"15",22.02,30.51,676
1607293166,"15",22,30.57,677
1607293156,"15",21.99,30.63,679
1607293145,"15",21.99,30.63,676
1607293135,"15",21.99,30.48,661
1607293125,"15",22.02,30.44,647
1607293114,"15",22.04,30.22,620
1607293104,"15",22.07,30.13,569
1607293093,"15",22.06,29.89,554
1607293083,"15",22.07,29.83,553
1607293072,"15",22.07,29.8,553
1607293062,"15",22.06,29.84,554
1607293051,"15",22.12,29.77,553
1607293041,"15",22.1,29.83,554
1607293030,"15",22.09,29.72,553
1607293020,"15",22.09,29.65,553
1607293009,"15",22.1,29.57,555
1607292999,"15",22.17,29.59,556
1607292989,"15",22.23,29.57,555
1607292978,"15",22.23,29.48,555
1607292968,"15",22.31,29.4,551
1607292957,"15",22.31,29.45,554
1607292947,"15",22.23,29.44,557
1607292936,"15",22.27,29.42,555
1607292926,"15",22.3,29.4,557
1607292915,"15",22.3,29.39,559
1607292905,"15",22.35,29.32,555
1607292894,"15",22.4,29.37,555
1607292884,"15",22.35,29.35,559
1607292873,"15",22.38,29.26,560
1607292863,"15",22.43,29.25,562
1607292853,"15",22.47,29.13,559
1607292842,"15",22.52,29.01,555
1607292832,"15",22.62,28.85,558
1607292821,"15",22.78,28.69,554
1607292811,"15",22.75,28.77,555
1607292800,"15",22.64,28.85,558
1607292790,"15",22.6,29,559
1607292779,"15",22.61,28.82,561
1607292769,"15",22.75,28.65,559
1607292758,"15",22.86,28.55,557
1607292748,"15",22.79,28.63,558
1607292737,"15",22.78,28.65,558
1607292727,"15",22.78,28.67,557
1607292717,"15",22.79,28.62,557
1607292706,"15",22.74,28.71,557
1607292696,"15",22.82,28.58,555
1607292685,"15",22.79,28.67,556
1607292675,"15",22.74,28.64,557
1607292664,"15",22.78,28.62,556
1607292654,"15",22.79,28.67,556
1607292643,"15",22.74,28.68,556
1607292633,"15",22.74,28.75,557
1607292622,"15",22.72,28.77,557
1607292612,"15",22.71,28.81,557
1607292602,"15",22.65,28.85,556
1607292591,"15",22.61,28.96,559
1607292581,"15",22.62,28.91,559
1607292570,"15",22.67,28.85,557
1607292560,"15",22.65,28.85,556
1607292549,"15",22.64,28.85,556
1607292539,"15",22.62,28.87,555
1607292528,"15",22.61,28.96,554
1607292518,"15",22.6,29.02,554
1607292507,"15",22.54,29.01,554
1607292497,"15",22.55,29.05,554
1607292486,"15",22.51,29.06,555
1607292476,"15",22.51,29.09,555
1607292465,"15",22.48,29.1,555
1607292455,"15",22.5,29.16,555
1607292445,"15",22.45,29.16,556
1607292434,"15",22.45,29.13,555
1607292424,"15",22.41,29.22,554
1607292413,"15",22.38,29.23,554
1607292403,"15",22.38,29.29,554
1607292392,"15",22.38,29.28,552
1607292382,"15",22.35,29.3,552
1607292371,"15",22.35,29.33,554
1607292361,"15",22.33,29.35,553
1607292350,"15",22.3,29.39,552
1607292340,"15",22.3,29.39,553
1607292330,"15",22.31,29.4,554
1607292319,"15",22.28,29.42,553
1607292309,"15",22.27,29.45,553
1607292298,"15",22.23,29.53,554
1607292288,"15",22.21,29.56,554
1607292277,"15",22.21,29.56,554
1607292267,"15",22.2,29.58,555
1607292256,"15",22.14,29.65,555
1607292246,"15",22.19,29.67,553
1607292235,"15",22.12,29.7,554
1607292225,"15",22.07,29.74,555
1607292214,"15",22.09,29.81,557
1607292204,"15",21.97,30.07,557
1607292194,"15",21.85,30.25,561
1607292183,"15",21.79,30.2,563
1607292173,"15",21.8,30.2,562
1607292162,"15",21.86,30.06,561
1607292152,"15",21.89,29.97,562
1607292141,"15",21.85,30.16,562
1607292131,"15",21.79,30.09,562
1607292120,"15",21.85,30.12,562
1607292110,"15",21.85,29.96,563
1607292099,"15",21.86,29.99,565
1607292089,"15",21.85,30.13,566
1607292079,"15",21.82,30.16,566
1607292068,"15",21.83,30.13,566
1607292058,"15",21.86,30.02,566
1607292047,"15",21.88,30.06,567
1607292037,"15",21.86,30.13,567
1607292026,"15",21.85,30.08,568
1607292016,"15",21.91,29.95,567
1607292005,"15",21.86,30.1,568
1607291995,"15",21.92,30.09,566
1607291984,"15",21.96,30.08,569
1607291974,"15",21.93,30.08,568
1607291963,"15",21.91,30.08,569
1607291953,"15",21.89,30.09,571
1607291943,"15",21.88,30.13,571
1607291932,"15",21.97,29.93,568
1607291922,"15",22.04,29.92,564
1607291911,"15",22.02,29.82,562
1607291901,"15",22.06,29.89,563
1607291890,"15",21.99,29.91,566
1607291880,"15",21.96,30.11,570
1607291869,"15",21.88,30.19,572
1607291859,"15",21.86,30.21,572
1607291848,"15",21.88,30.21,577
1607291838,"15",21.92,30.14,577
1607291827,"15",21.88,30.27,579
1607291817,"15",21.88,30.24,581
1607291807,"15",21.92,30.26,580
1607291796,"15",21.96,30.14,578
1607291786,"15",22.02,30.05,578
1607291775,"15",21.97,30.11,582
1607291765,"15",21.96,30.25,583
1607291754,"15",21.97,30.19,585
1607291744,"15",22,30.19,581
1607291733,"15",22.02,30.13,581
1607291723,"15",21.96,30.23,583
1607291712,"15",21.99,30.16,583
1607291702,"15",22,30.13,581
1607291691,"15",22.04,30.12,579
1607291681,"15",22.07,30.06,578
1607291671,"15",22.03,30.1,578
1607291660,"15",22,30.14,577
1607291650,"15",21.99,30.16,579
1607291639,"15",21.99,30.24,580
1607291629,"15",22.07,30.12,580
1607291618,"15",22.07,30.17,583
1607291608,"15",22.06,30.12,588
1607291597,"15",22.14,29.96,589
1607291587,"15",22.23,29.93,588
1607291576,"15",22.16,30,591
1607291566,"15",22.2,29.9,590
1607291555,"15",22.24,29.83,588
1607291545,"15",22.3,29.63,586
1607291535,"15",22.4,29.67,585
1607291524,"15",22.34,29.77,586
1607291514,"15",22.27,29.89,592
1607291503,"15",22.28,29.86,590
1607291493,"15",22.27,29.92,590
1607291482,"15",22.27,29.85,595
1607291472,"15",22.28,29.94,592
1607291461,"15",22.28,29.89,591
1607291451,"15",22.3,29.89,595
1607291440,"15",22.31,29.82,597
1607291430,"15",22.34,29.76,596
1607291420,"15",22.4,29.64,600
1607291409,"15",22.54,29.39,595
1607291399,"15",22.6,29.43,593
1607291388,"15",22.52,29.47,595
1607291378,"15",22.61,29.44,593
1607291367,"15",22.6,29.44,593
1607291357,"15",22.6,29.39,592
1607291346,"15",22.62,29.42,592
1607291336,"15",22.57,29.53,593
1607291325,"15",22.54,29.5,593
1607291315,"15",22.57,29.49,593
1607291304,"15",22.54,29.59,594
1607291294,"15",22.5,29.59,596
1607291284,"15",22.54,29.52,592
1607291273,"15",22.57,29.53,591
1607291263,"15",22.54,29.56,592
1607291252,"15",22.52,29.58,593
1607291242,"15",22.52,29.59,593
1607291231,"15",22.48,29.71,593
1607291221,"15",22.45,29.72,593
1607291210,"15",22.41,29.75,595
1607291200,"15",22.41,29.81,596
1607291189,"15",22.44,29.78,595
1607291179,"15",22.37,29.82,596
1607291169,"15",22.38,29.9,597
1607291158,"15",22.4,29.98,596
1607291148,"15",22.28,30.03,598
1607291137,"15",22.27,30.01,598
1607291127,"15",22.27,30.09,599
1607291116,"15",22.3,30.12,600
1607291106,"15",22.23,30.15,602
1607291095,"15",22.2,30.25,603
1607291085,"15",22.23,30.26,603
1607291074,"15",22.19,30.27,604
1607291064,"15",22.14,30.26,604
1607291053,"15",22.16,30.42,605
1607291043,"15",22.09,30.49,604
1607291033,"15",22.06,30.59,605
1607291022,"15",21.97,30.8,607
1607291012,"15",21.92,30.81,609
1607291001,"15",21.96,30.77,610
1607290991,"15",21.86,31.1,612
1607290980,"15",21.8,31.27,613
1607290970,"15",21.79,31.3,615
1607290959,"15",21.66,31.69,618
1607290949,"15",21.65,31.55,616
1607290938,"15",21.69,31.49,615
1607290928,"15",21.66,31.47,616
1607290917,"15",21.69,31.49,617
1607290907,"15",21.7,31.51,616
1607290897,"15",21.73,31.4,616
1607290886,"15",21.76,31.47,615
1607290876,"15",21.72,31.42,615
1607290865,"15",21.76,31.42,616
1607290855,"15",21.79,31.44,614
1607290844,"15",21.77,31.45,613
1607290834,"15",21.77,31.62,614
1607290823,"15",21.82,31.52,615
1607290813,"15",21.8,31.47,615
1607290802,"15",21.89,31.34,613
1607290792,"15",21.93,31.3,611
1607290782,"15",21.89,31.07,614
1607290771,"15",21.91,31.17,617
1607290761,"15",21.89,31.12,618
1607290750,"15",21.92,31.05,619
1607290740,"15",21.99,30.98,617
1607290729,"15",21.99,30.98,616
1607290719,"15",21.96,30.97,618
1607290708,"15",22.02,30.91,618
1607290698,"15",22.04,30.8,618
1607290687,"15",22.07,30.81,616
1607290677,"15",22.06,30.84,620
1607290666,"15",22.02,30.89,620
1607290656,"15",22.06,30.68,621
1607290646,"15",22.1,30.57,617
1607290635,"15",22.17,30.57,616
1607290625,"15",22.2,30.53,613
1607290614,"15",22.2,30.54,613
1607290604,"15",22.28,30.57,610
1607290593,"15",22.2,30.71,612
1607290583,"15",22.12,30.64,613
1607290572,"15",22.12,30.54,611
1607290562,"15",22.14,30.6,609
1607290551,"15",22.06,30.87,613
1607290541,"15",21.95,30.87,618
1607290530,"15",21.91,30.82,621
1607290520,"15",21.97,30.62,619
1607290510,"15",22.09,30.49,615
1607290499,"15",22.13,30.52,612
1607290489,"15",22.07,30.75,613
1607290478,"15",22.02,30.8,615
1607290468,"15",21.89,31.08,619
1607290457,"15",21.85,30.96,620
1607290447,"15",21.91,30.98,620
1607290436,"15",21.85,31.1,624
1607290426,"15",21.8,31.2,626
1607290415,"15",21.75,31.3,628
1607290405,"15",21.76,31.21,632
1607290395,"15",21.77,31.15,633
1607290384,"15",21.82,31.18,638
1607290374,"15",21.79,31.21,643
1607290363,"15",21.8,31.29,644
1607290353,"15",21.8,31.29,643
1607290342,"15",21.86,31.14,641
1607290332,"15",21.92,31.01,638
1607290321,"15",21.96,31.09,639
1607290311,"15",21.91,31.31,643
1607290300,"15",21.85,31.49,645
1607290290,"15",21.72,31.43,647
1607290279,"15",21.73,31.33,654
1607290269,"15",21.75,31.43,652
1607290259,"15",21.75,31.5,638
1607290248,"15",21.73,31.6,627
1607290238,"15",21.72,31.56,589
1607290227,"15",21.76,31.27,584
1607290217,"15",21.76,30.95,583
1607290206,"15",21.8,30.88,579
1607290196,"15",21.8,30.82,579
1607290185,"15",21.92,30.75,577
1607290175,"15",21.83,30.91,577
1607290164,"15",21.75,30.98,576
1607290154,"15",21.7,31.11,576
1607290143,"15",21.57,31.16,577
1607290133,"15",21.65,31.18,576
1607290123,"15",21.61,31.33,576
1607290112,"15",21.59,31.32,578
1607290102,"15",21.59,31.25,578
1607290091,"15",21.59,31.18,578
1607290081,"15",21.61,31.16,576
1607290070,"15",21.58,31.19,578
1607290060,"15",21.58,31.11,577
1607290049,"15",21.58,31.06,575
1607290039,"15",21.61,31.03,573
1607290028,"15",21.64,31,571
1607290018,"15",21.59,31.16,571
1607290008,"15",21.59,31.24,572
1607289997,"15",21.65,31.17,572
1607289987,"15",21.61,31.24,573
1607289976,"15",21.62,31.3,573
1607289966,"15",21.62,31.19,573
1607289955,"15",21.64,31.2,572
1607289945,"15",21.62,31.21,572
1607289934,"15",21.65,31.14,570
1607289924,"15",21.65,31.18,572
1607289913,"15",21.65,31.27,573
1607289903,"15",21.65,31.38,576
1607289892,"15",21.64,31.35,577
1607289882,"15",21.66,31.35,577
1607289872,"15",21.65,31.37,575
1607289861,"15",21.65,31.3,575
1607289851,"15",21.66,31.35,576
1607289840,"15",21.65,31.41,576
1607289830,"15",21.65,31.35,576
1607289819,"15",21.69,31.28,576
1607289809,"15",21.68,31.23,576
1607289798,"15",21.69,31.17,576
1607289788,"15",21.7,31.19,576
1607289777,"15",21.7,31.35,577
1607289767,"15",21.69,31.35,576
1607289757,"15",21.7,31.37,577
1607289746,"15",21.69,31.31,580
1607289736,"15",21.7,31.31,581
1607289725,"15",21.69,31.22,582
1607289715,"15",21.73,31.37,583
1607289704,"15",21.72,31.43,582
1607289694,"15",21.76,31.39,584
1607289683,"15",21.73,31.34,584
1607289673,"15",21.73,31.45,585
1607289662,"15",21.75,31.4,586
1607289652,"15",21.79,31.45,585
1607289641,"15",21.77,31.58,585
1607289631,"15",21.77,31.65,586
1607289621,"15",21.77,31.73,586
1607289610,"15",21.77,31.74,587
1607289600,"15",21.82,31.7,587
1607289589,"15",21.79,31.64,589
1607289579,"15",21.82,31.64,592
1607289568,"15",21.83,31.58,592
1607289558,"15",21.86,31.55,591
1607289547,"15",21.89,31.56,590
1607289537,"15",21.95,31.53,587
1607289526,"15",22,31.43,585
1607289516,"15",21.95,31.64,587
1607289506,"15",21.95,31.54,588
1607289495,"15",21.95,31.7,591
1607289485,"15",21.95,31.71,593
1607289474,"15",21.96,31.81,592
1607289464,"15",21.97,31.87,593
1607289453,"15",21.99,31.88,593
1607289443,"15",22,31.81,592
1607289432,"15",22.1,31.64,590
1607289422,"15",22.06,31.92,591
1607289411,"15",22.03,32.01,588
1607289401,"15",22.07,31.97,587
1607289390,"15",21.99,32.1,598
1607289380,"15",21.92,32.29,602
1607289370,"15",21.92,32.32,603
1607289359,"15",21.93,32.38,601
1607289349,"15",21.95,32.28,603
1607289338,"15",21.96,32.39,604
1607289328,"15",21.96,32.4,604
1607289317,"15",22,32.47,606
1607289307,"15",22.07,32.53,605
1607289296,"15",22.06,32.63,605
1607289286,"15",22.1,32.71,605
1607289275,"15",22.13,32.73,606
1607289265,"15",22.13,32.65,607
1607289255,"15",22.12,32.54,607
1607289244,"15",22.19,32.53,606
1607289234,"15",22.19,32.3,605
1607289223,"15",22.34,32.39,604
1607289213,"15",22.34,32.62,602
1607289202,"15",22.28,32.63,605
1607289192,"15",22.24,32.7,607
1607289181,"15",22.13,32.85,610
1607289171,"15",22.17,32.61,610
1607289160,"15",22.19,32.39,610
1607289150,"15",22.33,32.28,611
1607289139,"15",22.38,32.46,608
1607289129,"15",22.27,32.57,611
1607289119,"15",22.33,32.67,610
1607289108,"15",22.27,32.66,612
1607289098,"15",22.43,32.77,609
1607289087,"15",22.44,32.95,608
1607289077,"15",22.38,32.93,608
1607289066,"15",22.31,33.01,610
1607289056,"15",22.37,33.43,605
1607289045,"15",22.35,33.71,600
1607289035,"15",22.28,33.69,601
1607289024,"15",22.24,33.89,604
1607289014,"15",22.16,34.25,615
1607289003,"15",21.99,33.44,621
1607288993,"15",22.06,33.1,620
1607288983,"15",22.21,33.17,615
1607288972,"15",22.24,33.53,614
1607288962,"15",22.24,33.91,615
1607288951,"15",22.12,33.9,616
1607288941,"15",22.12,33.56,613
1607288930,"15",22.24,33.76,611
1607288920,"15",22.23,33.87,610
1607288909,"15",22.2,34.36,609
1607288899,"15",22.19,34.85,610
1607288888,"15",22.16,34.72,610
1607288878,"15",22.1,34.4,610
1607288867,"15",22.06,33.72,608
1607288857,"15",22.02,34.21,606
1607288847,"15",21.99,34.72,605
1607288836,"15",21.93,34.68,606
1607288826,"15",21.89,35.41,605
1607288815,"15",21.79,36.21,610
1607288805,"15",21.72,33.66,619
1607288794,"15",21.76,33.88,616
1607288784,"15",21.66,33.18,621
1607288773,"15",21.66,32.97,621
1607288763,"15",21.7,32.93,619
1607288752,"15",21.66,32.92,622
1607288742,"15",21.66,32.79,620
1607288731,"15",21.76,32.69,618
1607288721,"15",21.73,32.66,620
1607288711,"15",21.75,32.82,622
1607288700,"15",21.72,32.95,623
1607288690,"15",21.7,33,624
1607288679,"15",21.73,33.07,623
1607288669,"15",21.69,33.23,626
1607288658,"15",21.68,33.25,626
1607288648,"15",21.75,33.38,625
1607288637,"15",21.77,33.09,622
1607288627,"15",21.79,32.73,621
1607288616,"15",21.73,33.99,624
1607288606,"15",21.66,35.24,628
1607288596,"15",21.52,37.52,630
1607288585,"15",21.52,36.25,629
1607288575,"15",21.55,35.34,626
1607288564,"15",21.54,33.67,626
1607288554,"15",21.54,34.04,627
1607288543,"15",21.59,33.99,627
1607288533,"15",21.58,33.31,626
1607288522,"15",21.59,33.16,627
1607288512,"15",21.58,33.42,627
1607288501,"15",21.61,33.92,625
1607288491,"15",21.59,34.7,624
1607288480,"15",21.62,34.36,622
1607288470,"15",21.61,34.14,621
1607288460,"15",21.61,33.79,620
1607288449,"15",21.62,33.89,617
1607288439,"15",21.64,33.93,615
1607288428,"15",21.62,33.38,613
1607288418,"15",21.66,32.48,612
1607288407,"15",21.62,32.2,612
1607288397,"15",21.64,32.21,610
1607288386,"15",21.62,32.28,608
1607288376,"15",21.62,31.73,608
1607288365,"15",21.62,31.45,608
1607288355,"15",21.65,30.95,607
1607288344,"15",21.65,30.62,608
1607288334,"15",21.65,30.28,608
1607288323,"15",21.65,30.14,609
1607288313,"15",21.61,30.05,611
1607288303,"15",21.65,29.94,611
1607288292,"15",21.69,29.98,613
1607288282,"15",21.69,29.93,612
1607288271,"15",21.72,29.84,609
1607288261,"15",21.75,29.83,604
1607288250,"15",21.79,29.7,597
1607288240,"15",21.86,29.61,595
1607288229,"15",21.85,29.79,593
1607288219,"15",21.62,29.93,594
1607288208,"15",21.64,29.96,595
1607288198,"15",21.62,30.02,596
1607288188,"15",21.62,30.13,596
1607288177,"15",21.62,30.13,596
1607288167,"15",21.64,30.19,598
1607288156,"15",21.59,30.2,599
1607288146,"15",21.59,30.28,601
1607288135,"15",21.65,30.3,602
1607288125,"15",21.64,30.28,604
1607288114,"15",21.68,30.3,603
1607288104,"15",21.68,30.35,604
1607288093,"15",21.65,30.36,606
1607288083,"15",21.65,30.34,605
1607288072,"15",21.66,30.36,606
1607288062,"15",21.68,30.33,606
1607288051,"15",21.65,30.3,607
1607288041,"15",21.62,30.36,608
1607288030,"15",21.65,30.39,610
1607288020,"15",21.69,30.42,610
1607288010,"15",21.68,30.42,610
1607287999,"15",21.7,30.47,611
1607287989,"15",21.66,30.31,614
1607287978,"15",21.68,30.19,616
1607287968,"15",21.69,30.1,615
1607287957,"15",21.69,30.04,614
1607287947,"15",21.73,30.03,613
1607287936,"15",21.73,30.04,613
1607287926,"15",21.73,29.97,614
1607287915,"15",21.76,30.05,615
1607287905,"15",21.79,30.08,613
1607287894,"15",21.82,29.93,616
1607287884,"15",21.82,29.82,619
1607287874,"15",21.85,29.58,621
1607287863,"15",21.91,29.68,620
1607287853,"15",21.99,29.41,616
1607287842,"15",21.99,29.62,618
1607287832,"15",21.97,29.83,618
1607287821,"15",21.91,29.94,621
1607287811,"15",21.93,30,620
1607287800,"15",21.83,30.27,633
1607287790,"15",21.82,30.3,637
1607287779,"15",21.82,30.17,638
1607287769,"15",21.85,30.07,636
1607287758,"15",21.93,30.04,635
1607287748,"15",21.88,30.12,636
1607287737,"15",21.91,30.12,635
1607287727,"15",21.82,30.31,636
1607287717,"15",21.82,30.34,636
1607287706,"15",21.75,30.44,638
1607287696,"15",21.7,30.42,640
1607287685,"15",21.79,30.34,640
1607287675,"15",21.8,30.19,640
1607287664,"15",21.91,30.08,635
1607287654,"15",21.96,30.11,634
1607287643,"15",21.91,30.24,638
1607287633,"15",21.76,30.41,642
1607287622,"15",21.66,30.71,645
1607287612,"15",21.72,30.59,645
1607287601,"15",21.66,30.76,648
1607287591,"15",21.64,30.66,650
1607287581,"15",21.7,30.59,651
1607287570,"15",21.75,30.67,648
1607287560,"15",21.75,30.6,641
1607287549,"15",21.64,30.8,647
1607287539,"15",21.68,30.8,649
1607287528,"15",21.7,30.91,651
1607287518,"15",21.55,31.14,655
1607287507,"15",21.57,31.13,656
1607287497,"15",21.58,31.1,657
1607287486,"15",21.66,31.05,658
1607287476,"15",21.68,31.03,657
1607287466,"15",21.75,31,656
1607287455,"15",21.77,31,658
1607287445,"15",21.76,31.06,662
1607287434,"15",21.65,31.32,668
1607287424,"15",21.62,31.33,664
1607287413,"15",21.66,31.27,663
1607287403,"15",21.73,31.4,663
1607287392,"15",21.62,31.52,665
1607287382,"15",21.59,31.67,671
1607287371,"15",21.57,31.74,682
1607287361,"15",21.59,31.8,677
1607287350,"15",21.68,31.57,674
1607287340,"15",21.57,31.95,692
1607287330,"15",21.59,31.77,698
1607287319,"15",21.65,31.78,698
1607287309,"15",21.73,31.68,695
1607287298,"15",21.65,31.93,709
1607287288,"15",21.57,32.35,717
1607287277,"15",21.55,32.38,724
1607287267,"15",21.65,32.77,723
1607287256,"15",21.72,32.81,719
1607287246,"15",21.77,33.01,716
1607287235,"15",21.76,33.29,755
