"timestamp","deviceId","temp","humid","batt","co2","mic"
1606566218,"12",22.61,53.05,4.324805,1006,0.57
1606566205,"12",22.64,52.61,4.324805,1008,0.48
1606566192,"12",22.81,52.09,4.33125,1005,1.54
1606566179,"12",22.8,52.02,4.324805,1003,1.32
1606566165,"12",22.84,51.95,4.318359,1003,0.69
1606566152,"12",22.81,52.06,4.324805,1002,0.47
1606566139,"12",22.81,52.1,4.324805,1005,0.46
1606566126,"12",22.82,52.11,4.318359,1004,0.47
1606566113,"12",22.8,52.06,4.324805,1004,0.46
1606566099,"12",22.82,51.97,4.324805,1002,0.48
1606566086,"12",22.8,51.97,4.324805,1001,0.44
1606566073,"12",22.82,52.04,4.324805,999,0.79
1606566060,"12",22.77,52.19,4.324805,999,0.6
1606566046,"12",22.77,52.14,4.33125,1001,0.43
1606566033,"12",22.78,52.06,4.324805,1000,0.59
1606566020,"12",22.8,52.14,4.318359,997,0.51
1606566007,"12",22.75,51.79,4.318359,1000,0.55
1606565994,"12",22.8,51.81,4.318359,1003,0.56
1606565980,"12",22.78,51.79,4.318359,1002,0.42
1606565967,"12",22.77,51.84,4.318359,1004,0.51
1606565954,"12",22.78,52,4.318359,1005,0.81
1606565941,"12",22.77,52.06,4.318359,1012,0.45
1606565927,"12",22.74,52.08,4.318359,1024,0.69
1606565914,"12",22.78,52.24,4.324805,1020,0.64
1606565901,"12",22.75,52.34,4.324805,1016,1.03
1606565888,"12",22.77,52.42,4.318359,1018,0.52
1606565875,"12",22.72,52.42,4.318359,1017,0.54
1606565861,"12",22.72,52.37,4.324805,1024,0.96
1606565848,"12",22.77,52.38,4.324805,1027,0.65
1606565835,"12",22.78,52.25,4.318359,1029,0.79
1606565822,"12",22.77,52.17,4.318359,1031,0.41
1606565808,"12",22.8,52.18,4.318359,1030,0.43
1606565795,"12",22.82,52.16,4.324805,1030,1.36
1606565782,"12",22.8,52.29,4.318359,1029,0.59
1606565769,"12",22.8,52.2,4.318359,1031,1.28
1606565756,"12",22.81,52.11,4.318359,1031,0.52
1606565742,"12",22.78,52.04,4.318359,1038,0.61
1606565729,"12",22.78,51.94,4.324805,1046,0.47
1606565716,"12",22.78,51.89,4.324805,1052,0.46
1606565703,"12",22.88,52.3,4.324805,1050,0.42
1606565690,"12",22.88,52.19,4.324805,1050,0.54
1606565676,"12",22.9,52.24,4.33125,1053,0.41
1606565663,"12",22.87,52.25,4.318359,1058,0.78
1606565650,"12",22.91,52.24,4.318359,1060,0.48
1606565637,"12",22.88,52.32,4.324805,1063,0.52
1606565623,"12",22.87,52.28,4.318359,1067,0.61
1606565610,"12",22.87,52.24,4.324805,1071,0.4
1606565597,"12",22.84,52.44,4.318359,1074,0.38
1606565584,"12",22.81,52.46,4.318359,1077,0.41
1606565570,"12",22.81,52.56,4.324805,1081,0.42
1606565557,"12",22.78,52.67,4.324805,1086,0.39
1606565544,"12",22.77,52.79,4.324805,1092,0.59
1606565531,"12",22.74,52.84,4.318359,1098,0.43
1606565518,"12",22.71,52.8,4.324805,1110,0.39
1606565504,"12",22.72,52.84,4.318359,1108,0.5
1606565491,"12",22.66,52.84,4.318359,1075,0.58
1606565478,"12",22.64,52.96,4.324805,1053,0.5
1606565465,"12",22.63,52.81,4.318359,1052,0.44
1606565451,"12",22.61,52.86,4.324805,1054,0.46
1606565438,"12",22.6,52.91,4.324805,1054,0.41
1606565425,"12",22.59,52.88,4.318359,1053,0.41
1606565412,"12",22.59,53,4.318359,1052,0.41
1606565399,"12",22.6,52.96,4.324805,1055,0.41
1606565385,"12",22.61,52.93,4.324805,1053,0.41
1606565372,"12",22.61,53.05,4.318359,1054,0.4
1606565359,"12",22.54,52.99,4.324805,1064,0.46
1606565346,"12",22.63,53,4.311914,1066,0.4
1606565332,"12",22.66,53.04,4.324805,1063,0.39
1606565319,"12",22.6,53.03,4.318359,1067,0.4
1606565306,"12",22.6,53.22,4.324805,1065,0.4
1606565293,"12",22.57,53.23,4.318359,1041,0.41
1606565280,"12",22.5,53.35,4.324805,1036,0.4
1606565266,"12",22.44,53.67,4.318359,1038,0.41
1606565253,"12",22.41,53.39,4.324805,1035,0.39
1606565240,"12",22.36,53.52,4.324805,1034,0.42
1606565227,"12",22.31,53.74,4.318359,1034,0.4
1606565213,"12",22.23,54.42,4.324805,1035,0.41
1606565200,"12",22.27,54.08,4.318359,1037,0.46
1606565187,"12",22.37,53.08,4.324805,1035,0.53
1606565174,"12",22.34,53.15,4.324805,1035,0.48
1606565161,"12",22.34,53.22,4.318359,1035,0.36
1606565147,"12",22.37,53.24,4.318359,1036,0.4
1606565134,"12",22.44,53.15,4.318359,1033,0.54
1606565121,"12",22.39,53.22,4.318359,1034,0.42
1606565108,"12",22.37,53.2,4.318359,1033,0.45
1606565094,"12",22.36,53.25,4.33125,1036,0.4
1606565081,"12",22.36,53.21,4.33125,1036,0.58
1606565068,"12",22.4,53.12,4.324805,1039,0.46
1606565055,"12",22.39,53.07,4.311914,1038,0.44
1606565042,"12",22.41,53.03,4.324805,1037,0.54
1606565028,"12",22.43,53.09,4.324805,1035,0.4
1606565015,"12",22.4,53.03,4.324805,1036,0.92
1606565002,"12",22.41,53.23,4.318359,1036,0.45
1606564989,"12",22.41,52.98,4.318359,1039,0.5
1606564975,"12",22.44,53.11,4.324805,1040,0.48
1606564962,"12",22.49,52.99,4.324805,1043,0.4
1606564949,"12",22.47,53.12,4.318359,1046,0.5
1606564936,"12",22.46,52.94,4.318359,1047,1.01
1606564923,"12",22.53,53,4.318359,1048,0.41
1606564909,"12",22.53,53.05,4.318359,1047,0.46
1606564896,"12",22.5,53.2,4.318359,1050,0.53
1606564883,"12",22.49,53.06,4.318359,1057,0.42
1606564870,"12",22.57,53.02,4.324805,1055,0.41
1606564856,"12",22.56,53.07,4.318359,1056,0.66
1606564843,"12",22.51,53.26,4.318359,1058,0.73
1606564830,"12",22.54,53.08,4.324805,1058,0.42
1606564817,"12",22.54,53.18,4.318359,1055,0.69
1606564804,"12",22.5,53.14,4.318359,1058,0.53
1606564790,"12",22.53,53.42,4.318359,1058,0.49
1606564777,"12",22.53,53.15,4.318359,1058,0.56
1606564764,"12",22.54,53.13,4.318359,1059,0.61
1606564751,"12",22.57,53.09,4.318359,1057,0.42
1606564737,"12",22.57,53.19,4.318359,1055,0.48
1606564724,"12",22.49,53.36,4.318359,1055,0.49
1606564711,"12",22.53,53.2,4.324805,1052,0.44
1606564698,"12",22.53,53.38,4.318359,1048,0.39
1606564685,"12",22.49,53.22,4.324805,1047,0.41
1606564671,"12",22.46,53.27,4.318359,1045,0.43
1606564658,"12",22.44,53.26,4.318359,1045,0.43
1606564645,"12",22.46,53.26,4.324805,1044,0.43
1606564632,"12",22.47,53.32,4.318359,1044,0.41
1606564618,"12",22.43,53.26,4.318359,1049,0.4
1606564605,"12",22.44,53.2,4.318359,1049,0.63
1606564592,"12",22.49,53.14,4.324805,1048,0.44
1606564579,"12",22.49,53.07,4.324805,1049,0.46
1606564566,"12",22.5,53.11,4.324805,1052,0.43
1606564552,"12",22.56,53.18,4.318359,1055,0.57
1606564539,"12",22.49,53.2,4.324805,1059,0.43
1606564526,"12",22.46,53.21,4.324805,1062,0.44
1606564513,"12",22.47,52.88,4.324805,1063,0.44
1606564500,"12",22.51,52.98,4.324805,1061,0.44
1606564486,"12",22.57,53.18,4.318359,1063,0.42
1606564473,"12",22.53,53.19,4.33125,1064,0.48
1606564460,"12",22.56,53.08,4.318359,1068,0.5
1606564447,"12",22.56,53.07,4.324805,1069,0.47
1606564433,"12",22.59,52.95,4.318359,1068,0.42
1606564420,"12",22.61,52.98,4.324805,1068,0.43
1606564407,"12",22.57,53.01,4.324805,1072,0.41
1606564394,"12",22.61,53.17,4.318359,1073,0.4
1606564381,"12",22.66,53.12,4.324805,1073,0.39
1606564367,"12",22.59,53.26,4.324805,1074,0.42
1606564354,"12",22.59,53.19,4.324805,1077,0.43
1606564341,"12",22.6,52.98,4.318359,1075,0.41
1606564328,"12",22.57,53,4.318359,1075,0.41
1606564314,"12",22.6,53.47,4.324805,1076,0.49
1606564301,"12",22.6,53.03,4.318359,1076,0.39
1606564288,"12",22.56,52.95,4.318359,1078,0.47
1606564275,"12",22.57,53.07,4.324805,1083,0.41
1606564262,"12",22.53,53.06,4.318359,1084,0.38
1606564248,"12",22.54,53.21,4.318359,1084,0.41
1606564235,"12",22.57,52.97,4.324805,1087,0.4
1606564222,"12",22.59,53.09,4.318359,1092,0.4
1606564209,"12",22.59,53.02,4.324805,1095,0.42
1606564195,"12",22.63,52.91,4.324805,1095,0.44
1606564182,"12",22.61,52.99,4.318359,1097,0.53
1606564169,"12",22.59,52.97,4.318359,1098,0.4
1606564156,"12",22.63,53.06,4.324805,1100,0.42
1606564143,"12",22.64,53.01,4.324805,1102,0.38
1606564129,"12",22.68,53.08,4.324805,1104,0.39
1606564116,"12",22.6,53.17,4.318359,1104,0.38
1606564103,"12",22.63,53.04,4.318359,1108,0.42
1606564090,"12",22.67,52.96,4.318359,1107,0.39
1606564076,"12",22.67,52.86,4.324805,1104,0.39
1606564063,"12",22.64,52.92,4.324805,1108,0.37
1606564050,"12",22.64,52.94,4.324805,1117,0.4
1606564037,"12",22.67,52.86,4.318359,1129,0.41
1606564024,"12",22.67,53.02,4.324805,1141,0.4
1606564010,"12",22.66,53.13,4.318359,1140,0.5
1606563997,"12",22.64,53.29,4.324805,1147,0.41
1606563984,"12",22.67,53.34,4.318359,1161,0.43
1606563971,"12",22.63,53.36,4.324805,1170,0.37
1606563957,"12",22.64,53.4,4.324805,1174,0.39
1606563944,"12",22.68,53.46,4.318359,1170,0.41
1606563931,"12",22.68,53.49,4.318359,1171,0.43
1606563918,"12",22.64,53.66,4.324805,1180,0.53
1606563905,"12",22.63,53.57,4.311914,1183,0.48
1606563891,"12",22.66,53.66,4.324805,1181,0.49
1606563878,"12",22.66,53.54,4.324805,1169,0.45
1606563865,"12",22.7,53.47,4.324805,1141,0.39
1606563852,"12",22.72,53.28,4.318359,1131,0.42
1606563838,"12",22.78,53.18,4.318359,1126,0.48
1606563825,"12",22.72,53.4,4.324805,1120,0.42
1606563812,"12",22.71,53.29,4.324805,1119,0.4
1606563799,"12",22.74,53.13,4.324805,1116,0.39
1606563786,"12",22.75,53.06,4.324805,1112,0.44
1606563772,"12",22.71,53.27,4.318359,1108,0.4
1606563759,"12",22.74,53.08,4.324805,1102,0.39
1606563746,"12",22.78,52.95,4.324805,1095,0.5
1606563733,"12",22.82,52.79,4.324805,1094,0.48
1606563719,"12",22.85,52.78,4.318359,1087,0.49
1606563706,"12",22.8,52.93,4.318359,1087,0.4
1606563693,"12",22.78,52.74,4.318359,1090,0.41
1606563680,"12",22.8,52.72,4.324805,1092,0.4
1606563667,"12",22.81,53.02,4.324805,1091,0.47
1606563653,"12",22.8,52.98,4.318359,1091,0.4
1606563640,"12",22.77,53.01,4.324805,1086,0.43
1606563627,"12",22.75,53.03,4.324805,1079,0.42
1606563614,"12",22.72,53.09,4.318359,1074,0.42
1606563600,"12",22.68,53.05,4.324805,1075,0.45
1606563587,"12",22.7,52.95,4.324805,1076,0.42
1606563574,"12",22.74,52.94,4.324805,1072,0.53
1606563561,"12",22.7,52.87,4.318359,1064,0.41
1606563547,"12",22.7,52.77,4.318359,1068,0.39
1606563534,"12",22.67,52.71,4.318359,1061,0.4
1606563521,"12",22.72,52.8,4.324805,1047,0.39
1606563508,"12",22.8,52.56,4.324805,1038,0.41
1606563495,"12",22.71,52.6,4.324805,1037,0.46
1606563481,"12",22.75,52.53,4.318359,1026,0.41
1606563468,"12",22.7,52.47,4.324805,1006,0.39
1606563455,"12",22.75,52.29,4.311914,991,0.4
1606563442,"12",22.75,52.18,4.324805,983,0.43
1606563429,"12",22.74,52.47,4.318359,983,0.39
1606563415,"12",22.74,52.41,4.324805,984,0.41
1606563402,"12",22.78,52.46,4.324805,981,0.41
1606563389,"12",22.72,52.53,4.318359,982,0.41
1606563376,"12",22.72,52.62,4.324805,979,0.46
1606563362,"12",22.7,52.67,4.324805,980,0.4
1606563349,"12",22.68,52.55,4.318359,978,0.45
1606563336,"12",22.66,52.46,4.324805,985,0.4
1606563323,"12",22.7,52.48,4.318359,987,0.54
1606563309,"12",22.72,52.38,4.324805,986,0.65
1606563296,"12",22.71,52.42,4.318359,986,0.45
1606563283,"12",22.71,52.41,4.324805,989,0.42
1606563270,"12",22.74,52.38,4.324805,989,0.47
1606563257,"12",22.74,52.37,4.318359,989,0.42
1606563243,"12",22.8,52.44,4.324805,986,0.41
1606563230,"12",22.71,52.5,4.324805,985,0.43
1606563217,"12",22.74,52.52,4.318359,986,0.39
1606563204,"12",22.72,52.44,4.324805,987,0.38
1606563191,"12",22.72,52.58,4.318359,984,0.39
1606563177,"12",22.71,52.44,4.324805,986,0.41
1606563164,"12",22.74,52.45,4.324805,990,0.41
1606563151,"12",22.74,52.53,4.318359,989,0.41
1606563138,"12",22.68,52.5,4.318359,992,0.4
1606563124,"12",22.72,52.47,4.318359,993,0.38
1606563111,"12",22.78,52.28,4.324805,995,0.38
1606563098,"12",22.81,52.43,4.318359,996,0.4
1606563085,"12",22.81,52.51,4.324805,996,0.4
1606563071,"12",22.77,52.56,4.324805,997,0.38
1606563058,"12",22.77,52.3,4.318359,1000,0.41
1606563045,"12",22.84,52.08,4.324805,1000,0.41
1606563032,"12",22.88,52.3,4.324805,995,0.4
1606563019,"12",22.82,52.32,4.324805,995,0.4
1606563005,"12",22.8,52.45,4.324805,996,0.5
1606562992,"12",22.78,52.42,4.324805,996,0.47
1606562979,"12",22.8,52.41,4.324805,1000,0.4
1606562966,"12",22.82,52.34,4.324805,1000,0.42
1606562952,"12",22.81,52.25,4.324805,1000,0.4
1606562939,"12",22.84,52.34,4.318359,997,0.38
1606562926,"12",22.85,52.35,4.324805,995,0.43
1606562913,"12",22.82,52.26,4.33125,1003,0.38
1606562900,"12",22.88,52.25,4.318359,1001,0.4
1606562886,"12",22.87,52.14,4.324805,1002,0.4
1606562873,"12",22.92,52.09,4.318359,1003,0.4
1606562860,"12",22.92,52.15,4.324805,997,0.39
1606562847,"12",22.91,52.2,4.324805,999,0.42
1606562833,"12",22.91,52.28,4.324805,1001,0.39
1606562820,"12",22.88,52.39,4.318359,1002,0.43
1606562807,"12",22.87,52.16,4.324805,1006,0.4
1606562794,"12",22.9,52.2,4.324805,1006,0.4
1606562780,"12",22.92,52.12,4.318359,1006,0.41
1606562767,"12",22.97,52.03,4.324805,1004,0.4
1606562754,"12",22.97,52.03,4.324805,1006,0.55
1606562741,"12",22.99,52.02,4.318359,1005,0.4
1606562728,"12",22.97,52.09,4.318359,1008,0.6
1606562714,"12",22.99,52.07,4.318359,1008,0.44
1606562701,"12",22.98,52.02,4.324805,1007,0.43
1606562688,"12",22.98,52.01,4.318359,1007,0.4
1606562675,"12",23.02,52,4.318359,1006,0.4
1606562661,"12",22.98,51.92,4.324805,1006,0.48
1606562648,"12",23.02,51.93,4.324805,1004,0.41
1606562635,"12",23.05,51.73,4.324805,1001,0.41
1606562622,"12",23.05,51.8,4.324805,1000,0.4
1606562609,"12",23.04,51.86,4.324805,995,0.4
1606562595,"12",23.05,51.81,4.324805,995,0.4
1606562582,"12",23.04,51.66,4.324805,993,0.4
1606562569,"12",23.04,51.59,4.318359,994,0.48
1606562556,"12",23.1,51.5,4.324805,991,0.42
1606562542,"12",23.1,51.65,4.324805,986,0.57
1606562529,"12",23.08,51.69,4.324805,985,0.4
1606562516,"12",23.08,51.55,4.324805,982,0.49
1606562503,"12",23.06,51.54,4.318359,982,0.48
1606562490,"12",23.08,51.63,4.324805,980,0.44
1606562476,"12",23.1,51.42,4.324805,981,0.42
1606562463,"12",23.14,51.29,4.324805,980,0.4
1606562450,"12",23.14,51.33,4.318359,979,0.44
1606562437,"12",23.14,51.18,4.318359,978,0.53
1606562423,"12",23.12,51.24,4.324805,977,0.48
1606562410,"12",23.15,51.46,4.33125,977,0.5
1606562397,"12",23.1,51.37,4.324805,976,0.41
1606562384,"12",23.12,51.34,4.324805,977,0.46
1606562371,"12",23.15,51.31,4.318359,975,0.39
1606562357,"12",23.15,51.19,4.318359,976,0.42
1606562344,"12",23.17,51.19,4.324805,974,0.41
1606562331,"12",23.17,51.31,4.324805,972,0.41
1606562318,"12",23.18,51.26,4.324805,972,0.45
1606562304,"12",23.15,51.28,4.324805,969,0.44
1606562291,"12",23.15,51.1,4.33125,968,0.41
1606562278,"12",23.18,51.21,4.324805,967,0.42
1606562265,"12",23.14,51.19,4.324805,969,0.41
1606562252,"12",23.12,51.02,4.324805,969,0.4
1606562238,"12",23.19,50.92,4.318359,968,0.41
1606562225,"12",23.22,51.11,4.324805,966,0.41
1606562212,"12",23.19,51.28,4.318359,966,0.41
1606562199,"12",23.19,51.18,4.324805,966,0.74
1606562185,"12",23.21,51.28,4.318359,965,0.42
1606562172,"12",23.18,51.28,4.318359,963,0.4
1606562159,"12",23.14,51.39,4.324805,964,0.57
1606562146,"12",23.14,51.25,4.324805,963,0.39
1606562133,"12",23.15,51.14,4.324805,964,0.44
1606562119,"12",23.12,51.18,4.318359,962,0.41
1606562106,"12",23.11,51.26,4.311914,959,0.41
1606562093,"12",23.08,51.26,4.318359,957,0.43
1606562080,"12",23.05,51.43,4.324805,955,0.47
1606562066,"12",23.02,51.53,4.318359,953,0.42
1606562053,"12",22.99,51.58,4.324805,950,0.44
1606562040,"12",22.98,51.38,4.324805,949,0.47
1606562027,"12",22.95,51.58,4.324805,948,0.55
1606562014,"12",22.95,51.58,4.324805,945,0.41
1606562000,"12",22.92,51.64,4.324805,943,0.55
1606561987,"12",22.88,51.67,4.324805,941,0.5
1606561974,"12",22.85,51.77,4.324805,938,0.51
1606561961,"12",22.85,51.45,4.324805,935,0.44
1606561947,"12",22.85,51.66,4.318359,932,0.44
1606561934,"12",22.82,51.44,4.324805,927,0.41
1606561921,"12",22.81,51.64,4.324805,926,0.47
1606561908,"12",22.81,51.42,4.318359,923,0.5
1606561895,"12",22.8,51.33,4.324805,921,0.48
1606561881,"12",22.8,51.2,4.324805,917,0.45
1606561868,"12",22.78,51.36,4.324805,914,0.41
1606561855,"12",22.75,51.43,4.324805,911,0.45
1606561842,"12",22.71,51.32,4.324805,908,0.4
1606561828,"12",22.7,51.29,4.318359,906,0.4
1606561815,"12",22.7,51.3,4.324805,905,0.38
1606561802,"12",22.68,51.42,4.318359,903,0.39
1606561789,"12",22.66,51.41,4.324805,901,0.43
1606561776,"12",22.61,51.35,4.318359,900,0.43
1606561762,"12",22.57,51.51,4.318359,903,0.4
1606561749,"12",22.56,51.49,4.318359,902,0.38
1606561736,"12",22.54,51.4,4.318359,902,0.39
1606561723,"12",22.5,51.57,4.324805,901,0.54
1606561709,"12",22.46,51.77,4.324805,901,0.51
1606561699,"12",22.46,51.66,4.324805,899,0.43
1606561683,"12",22.46,51.81,4.324805,899,0.43
1606561670,"12",22.43,51.64,4.318359,898,0.49
1606561656,"12",22.43,51.77,4.324805,898,0.43
1606561643,"12",22.4,51.63,4.318359,895,0.41
1606561630,"12",22.37,51.67,4.318359,894,0.37
1606561617,"12",22.33,51.78,4.324805,894,0.4
1606561604,"12",22.36,51.62,4.324805,892,0.41
1606561590,"12",22.33,51.71,4.318359,889,0.7
1606561577,"12",22.3,51.98,4.324805,888,0.43
1606561564,"12",22.29,51.7,4.324805,893,0.55
1606561551,"12",22.26,51.77,4.324805,895,0.43
1606561537,"12",22.27,51.71,4.324805,895,0.39
1606561524,"12",22.27,51.9,4.318359,890,0.42
1606561511,"12",22.24,51.79,4.324805,888,0.43
1606561498,"12",22.23,51.85,4.318359,884,0.45
1606561485,"12",22.21,51.82,4.324805,880,0.39
1606561471,"12",22.2,51.92,4.318359,879,0.43
1606561458,"12",22.19,51.77,4.318359,863,0.53
1606561445,"12",22.17,51.72,4.324805,858,0.48
1606561432,"12",22.19,51.84,4.324805,855,0.51
1606561418,"12",22.16,51.8,4.324805,853,0.41
1606561405,"12",22.16,51.67,4.324805,850,0.4
1606561392,"12",22.12,51.6,4.324805,850,0.41
1606561379,"12",22.13,51.55,4.318359,847,0.38
1606561366,"12",22.15,51.35,4.318359,844,0.5
1606561352,"12",22.2,51.28,4.318359,840,0.53
1606561339,"12",22.21,51.34,4.324805,840,0.41
1606561326,"12",22.21,51.74,4.318359,837,0.46
1606561313,"12",22.17,51.8,4.324805,838,0.42
1606561299,"12",22.17,51.74,4.324805,839,0.63
1606561286,"12",22.2,51.61,4.318359,841,0.45
1606561273,"12",22.21,51.61,4.33125,840,0.41
1606561260,"12",22.16,51.69,4.324805,840,0.53
1606561247,"12",22.21,51.76,4.318359,842,0.39
1606561233,"12",22.15,51.7,4.318359,842,0.41
1606561220,"12",22.16,51.68,4.33125,842,0.38
1606561207,"12",22.21,51.66,4.318359,842,0.39
1606561194,"12",22.21,51.79,4.324805,842,0.39
1606561180,"12",22.17,51.82,4.324805,843,0.39
1606561167,"12",22.23,51.62,4.311914,844,0.39
1606561154,"12",22.24,51.62,4.324805,843,0.38
1606561141,"12",22.24,51.77,4.318359,844,0.39
1606561128,"12",22.19,51.88,4.318359,844,0.42
1606561114,"12",22.17,51.89,4.324805,843,1.29
1606561101,"12",22.16,52.16,4.324805,843,0.43
1606561088,"12",22.15,52.18,4.324805,843,0.41
1606561075,"12",22.15,52.25,4.324805,843,0.48
1606561061,"12",22.13,52.19,4.324805,842,0.48
1606561048,"12",22.13,52.12,4.324805,842,0.4
1606561035,"12",22.16,52.04,4.318359,841,0.43
1606561022,"12",22.17,52.12,4.324805,839,0.44
1606561009,"12",22.15,52.05,4.324805,841,0.4
1606560995,"12",22.15,52,4.318359,842,0.38
1606560982,"12",22.16,52.14,4.318359,841,0.4
1606560969,"12",22.15,52.16,4.318359,840,0.38
1606560956,"12",22.17,52.27,4.318359,839,0.41
1606560942,"12",22.17,52.2,4.324805,838,0.39
1606560929,"12",22.15,52.14,4.318359,841,0.4
1606560916,"12",22.17,52.04,4.324805,843,0.39
1606560903,"12",22.2,51.91,4.324805,844,0.4
1606560890,"12",22.2,51.92,4.324805,844,0.38
1606560876,"12",22.2,51.92,4.318359,846,0.38
1606560863,"12",22.19,51.89,4.324805,846,0.41
1606560850,"12",22.24,51.94,4.318359,847,0.38
1606560837,"12",22.23,51.88,4.324805,846,0.39
1606560823,"12",22.23,51.86,4.318359,844,0.39
1606560810,"12",22.24,51.9,4.324805,844,0.39
1606560797,"12",22.27,51.95,4.324805,841,0.38
1606560784,"12",22.23,52.17,4.324805,840,0.39
1606560770,"12",22.2,52.1,4.324805,840,0.38
1606560757,"12",22.21,52.04,4.318359,840,0.39
1606560744,"12",22.23,51.98,4.324805,839,0.4
1606560731,"12",22.26,51.95,4.318359,840,0.4
1606560718,"12",22.29,51.91,4.318359,840,0.46
1606560704,"12",22.26,51.97,4.324805,842,0.4
1606560691,"12",22.27,51.97,4.318359,841,0.39
1606560678,"12",22.29,52.08,4.324805,842,0.39
1606560665,"12",22.21,51.94,4.318359,842,0.39
1606560651,"12",22.26,51.95,4.318359,842,0.38
1606560638,"12",22.27,51.83,4.324805,842,0.39
1606560625,"12",22.31,51.82,4.324805,841,0.39
1606560612,"12",22.34,51.8,4.318359,842,0.39
1606560599,"12",22.34,51.8,4.318359,840,0.38
1606560585,"12",22.33,51.8,4.324805,840,0.4
1606560572,"12",22.31,51.8,4.324805,840,0.39
1606560559,"12",22.37,51.78,4.318359,840,0.39
1606560546,"12",22.33,51.83,4.324805,838,0.39
1606560532,"12",22.31,51.84,4.318359,838,0.39
1606560519,"12",22.34,51.79,4.324805,837,0.4
1606560506,"12",22.34,51.8,4.318359,834,0.4
1606560493,"12",22.33,51.95,4.324805,836,0.4
1606560480,"12",22.34,51.88,4.318359,834,0.4
1606560466,"12",22.31,51.82,4.324805,835,0.4
1606560453,"12",22.34,51.71,4.318359,835,0.4
1606560440,"12",22.34,51.8,4.318359,833,0.39
1606560427,"12",22.31,51.77,4.318359,833,0.4
1606560413,"12",22.36,51.71,4.324805,833,0.39
1606560400,"12",22.33,51.74,4.318359,833,0.41
1606560387,"12",22.36,51.68,4.324805,834,0.39
1606560374,"12",22.34,51.73,4.318359,833,0.39
1606560361,"12",22.34,51.73,4.318359,836,0.39
1606560347,"12",22.36,51.81,4.324805,834,0.4
1606560334,"12",22.34,51.76,4.318359,836,0.39
1606560321,"12",22.37,51.65,4.324805,837,0.39
1606560308,"12",22.4,51.73,4.318359,835,0.39
1606560294,"12",22.43,51.63,4.318359,836,0.4
1606560281,"12",22.4,51.61,4.33125,836,0.4
1606560268,"12",22.44,51.67,4.324805,834,0.38
1606560255,"12",22.43,51.78,4.324805,834,0.53
1606560242,"12",22.4,51.67,4.324805,834,0.4
1606560228,"12",22.41,51.72,4.318359,835,0.4
1606560215,"12",22.41,51.77,4.318359,835,0.39
1606560202,"12",22.43,51.77,4.318359,832,0.39
1606560189,"12",22.41,51.82,4.324805,832,0.39
1606560175,"12",22.43,51.71,4.318359,834,0.4
1606560162,"12",22.47,51.64,4.324805,833,0.4
1606560149,"12",22.47,51.63,4.324805,832,0.39
1606560136,"12",22.5,51.57,4.318359,831,0.4
1606560123,"12",22.49,51.54,4.324805,831,0.4
1606560109,"12",22.5,51.57,4.324805,832,0.39
1606560096,"12",22.49,51.73,4.324805,831,0.39
1606560083,"12",22.49,51.58,4.324805,831,0.39
1606560070,"12",22.49,51.53,4.318359,830,0.4
1606560056,"12",22.5,51.47,4.318359,830,0.4
1606560043,"12",22.54,51.48,4.324805,830,0.39
1606560030,"12",22.54,51.49,4.324805,828,0.41
1606560017,"12",22.54,51.57,4.324805,829,0.41
1606560004,"12",22.53,51.6,4.324805,830,0.38
1606559990,"12",22.5,51.52,4.318359,829,0.4
1606559977,"12",22.56,51.46,4.324805,829,0.39
1606559964,"12",22.56,51.34,4.324805,830,0.41
1606559951,"12",22.53,51.4,4.324805,832,0.39
1606559937,"12",22.59,51.42,4.324805,831,0.41
1606559924,"12",22.57,51.45,4.324805,830,0.39
1606559911,"12",22.57,51.38,4.318359,828,0.39
1606559898,"12",22.54,51.43,4.324805,829,0.39
1606559885,"12",22.59,51.4,4.324805,830,0.39
1606559871,"12",22.6,51.52,4.318359,830,0.38
1606559858,"12",22.57,51.46,4.324805,829,0.41
1606559845,"12",22.61,51.5,4.324805,831,0.4
1606559832,"12",22.63,51.32,4.324805,832,0.4
1606559818,"12",22.68,51.18,4.318359,832,0.4
1606559805,"12",22.72,51.14,4.318359,835,0.37
1606559792,"12",22.71,51.28,4.318359,836,0.4
1606559779,"12",22.71,51.25,4.318359,838,0.56
1606559766,"12",22.77,51.19,4.324805,840,0.42
1606559752,"12",22.77,51.05,4.324805,841,0.4
1606559739,"12",22.8,51.16,4.318359,839,0.4
1606559726,"12",22.78,51.13,4.324805,837,0.39
1606559713,"12",22.81,51.18,4.318359,837,0.39
1606559699,"12",22.78,51.25,4.318359,836,0.4
1606559686,"12",22.78,51.23,4.324805,836,0.39
1606559673,"12",22.78,51.14,4.318359,834,0.39
1606559660,"12",22.82,51.14,4.324805,831,0.38
1606559647,"12",22.8,51.2,4.324805,831,0.4
1606559633,"12",22.78,51.24,4.318359,830,0.4
1606559620,"12",22.81,51.19,4.318359,827,0.41
1606559607,"12",22.81,51.12,4.324805,826,0.39
1606559594,"12",22.82,51.05,4.311914,826,0.4
1606559580,"12",22.85,50.94,4.318359,827,0.38
1606559567,"12",22.85,50.93,4.324805,824,0.4
1606559554,"12",22.88,50.92,4.318359,825,0.41
1606559541,"12",22.88,50.82,4.324805,824,0.39
1606559528,"12",22.87,50.98,4.318359,824,0.39
1606559514,"12",22.91,50.9,4.318359,824,0.4
1606559501,"12",22.92,50.92,4.311914,823,0.4
1606559488,"12",22.92,50.99,4.324805,823,0.39
1606559475,"12",22.94,50.91,4.318359,823,0.39
1606559461,"12",22.97,50.84,4.318359,823,0.41
1606559448,"12",22.98,50.62,4.318359,822,0.39
1606559435,"12",23.02,50.65,4.324805,821,0.4
1606559422,"12",23.01,50.58,4.324805,823,0.4
1606559409,"12",23.08,50.48,4.318359,823,0.39
1606559395,"12",23.08,50.53,4.318359,820,0.44
1606559382,"12",23.08,50.43,4.318359,820,0.4
1606559369,"12",23.12,50.43,4.324805,820,0.37
1606559356,"12",23.12,50.38,4.318359,820,0.4
1606559342,"12",23.12,50.25,4.324805,822,0.4
1606559329,"12",23.14,50.21,4.324805,822,0.39
1606559316,"12",23.18,50.24,4.324805,823,0.44
1606559303,"12",23.18,50.35,4.318359,824,0.38
1606559290,"12",23.19,50.36,4.324805,825,0.4
1606559276,"12",23.21,50.37,4.318359,826,0.4
1606559263,"12",23.19,50.56,4.324805,826,0.4
1606559250,"12",23.15,50.59,4.324805,826,0.39
1606559237,"12",23.12,50.71,4.33125,827,0.4
1606559223,"12",23.17,50.49,4.324805,826,0.39
1606559210,"12",23.15,50.59,4.324805,828,0.4
1606559197,"12",23.12,50.38,4.318359,829,0.41
1606559184,"12",23.15,50.33,4.324805,831,0.4
1606559171,"12",23.12,50.59,4.324805,831,0.4
1606559157,"12",23.1,50.84,4.324805,834,0.39
1606559144,"12",23.05,50.61,4.324805,834,0.41
1606559131,"12",23.08,50.69,4.318359,836,0.39
1606559118,"12",23.08,50.77,4.318359,836,0.42
1606559104,"12",23.06,50.64,4.324805,839,0.45
1606559091,"12",23.06,50.58,4.324805,838,0.41
1606559078,"12",23.06,50.64,4.324805,838,0.44
1606559065,"12",23.04,50.76,4.318359,839,1.84
1606559051,"12",23.02,50.83,4.318359,840,0.42
1606559038,"12",23.02,50.89,4.318359,840,0.44
1606559025,"12",22.95,51.02,4.318359,843,0.43
1606559012,"12",22.92,50.97,4.318359,843,0.43
1606558999,"12",22.91,50.9,4.324805,844,0.42
1606558985,"12",22.94,50.93,4.324805,843,0.44
1606558972,"12",22.91,51.04,4.324805,843,0.44
1606558959,"12",22.85,50.96,4.324805,845,0.44
1606558946,"12",22.82,51.11,4.324805,848,0.42
1606558932,"12",22.75,51.17,4.318359,852,0.44
1606558919,"12",22.74,51.38,4.318359,854,0.46
1606558906,"12",22.68,51.28,4.318359,855,0.44
1606558893,"12",22.68,51.14,4.324805,856,0.42
1606558880,"12",22.67,51.24,4.318359,856,0.41
1606558866,"12",22.66,51.27,4.324805,857,0.4
1606558853,"12",22.59,51.56,4.324805,858,0.42
1606558840,"12",22.61,51.65,4.318359,858,0.43
1606558827,"12",22.59,51.47,4.318359,855,0.44
1606558813,"12",22.57,51.52,4.324805,856,0.57
1606558800,"12",22.54,51.65,4.318359,859,0.81
1606558787,"12",22.56,51.49,4.324805,859,1.12
1606558774,"12",22.53,51.51,4.324805,858,0.48
1606558761,"12",22.51,51.52,4.318359,858,0.44
1606558747,"12",22.53,51.41,4.33125,856,0.43
1606558734,"12",22.51,51.64,4.318359,854,0.41
1606558721,"12",22.5,51.48,4.318359,852,0.44
1606558708,"12",22.49,51.68,4.318359,852,0.44
1606558694,"12",22.46,51.64,4.318359,852,0.43
1606558681,"12",22.46,51.64,4.324805,855,0.4
1606558668,"12",22.4,51.64,4.324805,854,0.4
1606558655,"12",22.4,51.7,4.318359,856,0.43
1606558642,"12",22.36,51.65,4.324805,856,0.42
1606558628,"12",22.37,51.51,4.324805,855,0.42
1606558615,"12",22.36,51.76,4.318359,854,0.41
1606558602,"12",22.33,51.75,4.318359,852,0.44
1606558589,"12",22.31,51.85,4.324805,852,0.41
1606558575,"12",22.27,51.78,4.318359,850,0.44
1606558562,"12",22.29,51.8,4.318359,848,0.45
1606558549,"12",22.29,51.54,4.324805,848,0.42
1606558536,"12",22.23,51.53,4.318359,847,0.41
1606558522,"12",22.23,51.73,4.324805,845,0.43
1606558509,"12",22.2,51.75,4.324805,846,0.44
1606558496,"12",22.19,51.86,4.324805,847,1.89
1606558483,"12",22.17,51.82,4.324805,846,0.42
1606558470,"12",22.17,51.82,4.324805,847,0.42
1606558456,"12",22.15,51.85,4.324805,848,0.44
1606558443,"12",22.12,51.95,4.318359,848,0.41
1606558430,"12",22.09,51.74,4.318359,848,0.41
1606558417,"12",22.09,51.74,4.324805,848,0.45
1606558403,"12",22.06,51.92,4.318359,847,0.44
1606558390,"12",22.02,51.9,4.324805,846,0.44
1606558377,"12",22.02,52.03,4.324805,846,0.45
1606558364,"12",22,51.97,4.324805,845,0.45
1606558351,"12",21.96,52.01,4.324805,847,0.42
1606558337,"12",21.95,52.06,4.324805,848,0.44
1606558324,"12",21.89,52.02,4.324805,847,0.45
1606558311,"12",21.91,52.06,4.324805,848,0.42
1606558298,"12",21.85,51.99,4.318359,848,0.41
1606558284,"12",21.8,52.04,4.324805,849,0.41
1606558271,"12",21.79,51.95,4.318359,848,0.41
1606558258,"12",21.8,52.12,4.324805,848,0.45
1606558245,"12",21.8,52.28,4.318359,849,0.43
1606558231,"12",21.76,52.14,4.324805,849,0.5
1606558218,"12",21.75,52.08,4.324805,850,0.44
1606558205,"12",21.75,52.25,4.324805,849,0.41
1606558192,"12",21.72,52.12,4.324805,848,0.51
1606558179,"12",21.69,52.18,4.33125,851,0.96
1606558165,"12",21.66,52.2,4.324805,851,0.62
1606558152,"12",21.62,52.34,4.318359,851,0.86
1606558139,"12",21.61,52.28,4.318359,850,0.46
1606558126,"12",21.61,52.35,4.318359,852,0.43
1606558112,"12",21.58,52.28,4.324805,853,0.52
1606558099,"12",21.55,52.38,4.324805,852,0.42
1606558086,"12",21.51,52.41,4.324805,855,1
1606558073,"12",21.45,52.3,4.324805,858,0.39
1606558060,"12",21.46,52.32,4.318359,856,0.66
1606558046,"12",21.46,52.43,4.318359,856,0.42
1606558033,"12",21.45,52.63,4.318359,855,0.47
1606558020,"12",21.41,52.78,4.318359,858,0.52
1606558007,"12",21.37,52.66,4.318359,864,0.55
1606557993,"12",21.35,52.68,4.318359,863,0.4
1606557980,"12",21.31,52.74,4.318359,863,0.41
1606557967,"12",21.3,52.65,4.324805,863,0.49
1606557954,"12",21.3,52.59,4.318359,865,0.55
1606557940,"12",21.3,52.66,4.318359,864,0.43
1606557927,"12",21.25,52.78,4.324805,865,0.52
1606557914,"12",21.25,52.76,4.324805,865,0.42
1606557901,"12",21.22,52.85,4.318359,866,0.46
1606557888,"12",21.19,52.91,4.324805,867,0.58
1606557874,"12",21.21,52.81,4.324805,869,0.61
1606557861,"12",21.18,52.68,4.318359,869,1.12
1606557848,"12",21.18,52.83,4.324805,869,0.45
1606557835,"12",21.18,52.89,4.318359,869,0.41
1606557821,"12",21.18,52.8,4.324805,869,0.55
1606557808,"12",21.17,52.72,4.318359,870,0.41
1606557795,"12",21.21,52.7,4.318359,870,0.44
1606557782,"12",21.21,52.7,4.324805,869,0.53
1606557769,"12",21.17,52.81,4.324805,868,0.39
1606557755,"12",21.08,52.9,4.318359,864,0.46
1606557742,"12",21.01,52.96,4.318359,861,0.54
1606557729,"12",21,52.99,4.318359,862,0.42
1606557716,"12",20.97,52.88,4.318359,859,1.39
1606557702,"12",21,52.99,4.318359,859,0.93
1606557689,"12",20.97,52.98,4.318359,859,1.27
1606557676,"12",20.94,53.25,4.324805,856,0.47
1606557663,"12",20.9,53.36,4.324805,854,0.45
1606557649,"12",20.87,53.36,4.324805,853,0.5
1606557636,"12",20.86,53.27,4.318359,852,0.46
1606557623,"12",20.84,53.3,4.318359,850,0.5
1606557610,"12",20.83,53.62,4.324805,848,0.77
1606557597,"12",20.77,53.39,4.318359,844,0.41
1606557583,"12",20.77,53.25,4.324805,842,0.47
1606557570,"12",20.77,53.37,4.318359,841,1.41
1606557557,"12",20.76,53.35,4.324805,839,0.48
1606557544,"12",20.73,53.29,4.324805,837,0.44
1606557530,"12",20.71,53.29,4.324805,837,0.44
1606557517,"12",20.74,53.03,4.324805,833,0.41
1606557504,"12",20.71,53.18,4.324805,832,0.62
1606557491,"12",20.67,53.2,4.33125,831,0.4
1606557478,"12",20.64,53.25,4.318359,830,0.94
1606557464,"12",20.63,53.02,4.324805,832,0.73
1606557451,"12",20.64,53.16,4.324805,833,0.4
1606557438,"12",20.67,53.12,4.318359,831,0.55
1606557425,"12",20.67,53.22,4.324805,828,0.55
1606557411,"12",20.66,53.1,4.324805,824,0.55
1606557398,"12",20.64,53.09,4.318359,822,0.46
1606557385,"12",20.57,53.23,4.318359,821,0.41
1606557372,"12",20.63,52.93,4.324805,817,2.1
1606557358,"12",20.66,52.87,4.318359,810,0.5
1606557345,"12",20.6,52.82,4.318359,808,0.45
1606557332,"12",20.54,52.85,4.324805,809,0.42
1606557319,"12",20.54,52.9,4.324805,808,0.58
1606557306,"12",20.54,52.91,4.318359,803,0.41
1606557292,"12",20.56,52.89,4.324805,800,0.48
1606557279,"12",20.57,52.7,4.324805,800,0.45
1606557266,"12",20.6,52.67,4.324805,796,0.42
1606557253,"12",20.61,52.54,4.318359,795,0.45
1606557239,"12",20.6,52.45,4.311914,793,0.4
1606557226,"12",20.57,52.48,4.318359,792,0.43
1606557213,"12",20.6,52.61,4.324805,789,0.41
1606557200,"12",20.54,52.6,4.318359,791,0.48
1606557187,"12",20.6,52.77,4.318359,789,0.39
1606557173,"12",20.57,52.83,4.318359,786,0.39
1606557160,"12",20.56,52.76,4.318359,784,0.4
1606557147,"12",20.57,52.79,4.324805,782,0.43
1606557134,"12",20.6,52.69,4.318359,781,0.4
1606557120,"12",20.57,52.56,4.318359,781,0.46
1606557107,"12",20.54,52.44,4.311914,782,0.44
1606557094,"12",20.6,52.23,4.324805,781,0.52
1606557081,"12",20.63,52.28,4.318359,778,0.54
1606557068,"12",20.61,52.34,4.318359,779,0.44
1606557054,"12",20.6,52.39,4.318359,779,0.57
1606557041,"12",20.58,52.36,4.318359,780,0.83
1606557028,"12",20.58,52.45,4.324805,778,0.43
1606557015,"12",20.61,52.29,4.318359,780,0.51
1606557001,"12",20.6,52.43,4.324805,781,0.38
1606556988,"12",20.57,52.45,4.318359,781,0.38
1606556975,"12",20.57,52.37,4.318359,781,0.4
1606556962,"12",20.57,52.42,4.318359,782,0.38
1606556948,"12",20.56,52.44,4.324805,784,0.39
1606556935,"12",20.58,52.47,4.318359,783,0.38
1606556922,"12",20.56,52.48,4.318359,783,0.39
1606556909,"12",20.57,52.52,4.318359,783,0.38
1606556896,"12",20.6,52.47,4.324805,783,0.39
1606556882,"12",20.57,52.48,4.318359,782,0.38
1606556869,"12",20.58,52.41,4.318359,782,0.4
1606556856,"12",20.6,52.41,4.318359,783,0.4
1606556843,"12",20.64,52.39,4.324805,781,0.38
1606556829,"12",20.64,52.3,4.324805,780,0.39
1606556816,"12",20.66,52.47,4.324805,778,0.39
1606556803,"12",20.64,52.42,4.324805,777,0.39
1606556790,"12",20.66,52.39,4.311914,776,0.4
1606556776,"12",20.63,52.36,4.324805,778,0.39
1606556763,"12",20.64,52.36,4.324805,778,0.37
1606556750,"12",20.63,52.39,4.318359,779,0.38
1606556737,"12",20.66,52.41,4.318359,780,0.38
1606556724,"12",20.63,52.45,4.318359,780,0.39
1606556710,"12",20.63,52.53,4.324805,780,0.38
1606556697,"12",20.61,52.48,4.324805,782,0.39
1606556684,"12",20.64,52.35,4.324805,779,0.4
1606556671,"12",20.64,52.29,4.324805,780,0.39
1606556657,"12",20.67,52.17,4.318359,781,0.38
1606556644,"12",20.67,52.24,4.324805,781,0.39
1606556631,"12",20.73,52.26,4.324805,782,0.39
1606556618,"12",20.7,52.19,4.318359,784,0.38
1606556605,"12",20.78,52.02,4.318359,785,0.39
1606556591,"12",20.86,52.13,4.311914,783,0.39
1606556578,"12",20.86,52.22,4.318359,783,0.4
1606556565,"12",20.83,52.48,4.324805,780,0.4
1606556552,"12",20.73,52.62,4.318359,779,0.4
1606556538,"12",20.61,52.5,4.324805,780,0.4
1606556525,"12",20.66,52.53,4.324805,781,0.39
1606556512,"12",20.61,52.54,4.318359,783,0.39
1606556499,"12",20.64,52.38,4.318359,783,0.4
1606556485,"12",20.67,52.38,4.324805,783,0.39
1606556472,"12",20.66,52.53,4.318359,783,0.39
1606556459,"12",20.6,52.65,4.318359,784,0.4
1606556446,"12",20.61,52.55,4.324805,783,0.39
1606556433,"12",20.6,52.56,4.324805,782,0.39
1606556419,"12",20.67,52.55,4.318359,782,0.39
1606556406,"12",20.64,52.51,4.318359,781,0.38
1606556393,"12",20.64,52.57,4.324805,781,0.42
1606556380,"12",20.63,52.5,4.318359,780,0.37
1606556366,"12",20.64,52.61,4.318359,780,0.39
1606556353,"12",20.64,52.7,4.324805,780,0.41
1606556340,"12",20.67,52.59,4.318359,779,0.4
1606556327,"12",20.64,52.57,4.318359,778,0.42
1606556314,"12",20.64,52.52,4.324805,778,0.39
1606556300,"12",20.67,52.52,4.318359,778,0.39
1606556287,"12",20.68,52.48,4.318359,778,0.37
1606556274,"12",20.68,52.49,4.324805,777,0.38
1606556261,"12",20.68,52.49,4.324805,777,0.4
1606556247,"12",20.7,52.65,4.318359,777,0.38
1606556234,"12",20.71,52.76,4.324805,776,0.39
1606556221,"12",20.71,52.55,4.318359,775,0.38
1606556208,"12",20.71,52.42,4.324805,776,0.4
1606556194,"12",20.74,52.51,4.324805,777,0.4
1606556181,"12",20.71,52.53,4.324805,779,0.39
1606556168,"12",20.68,52.65,4.318359,779,0.39
1606556155,"12",20.68,52.71,4.324805,777,0.38
1606556142,"12",20.7,52.68,4.318359,778,0.4
1606556128,"12",20.73,52.74,4.318359,777,0.39
1606556115,"12",20.7,52.74,4.318359,777,0.39
1606556102,"12",20.7,52.65,4.318359,775,0.4
1606556089,"12",20.67,52.7,4.318359,775,0.39
1606556075,"12",20.7,52.71,4.324805,775,0.38
1606556062,"12",20.71,52.69,4.324805,773,0.4
1606556049,"12",20.71,52.74,4.324805,774,0.4
1606556036,"12",20.68,52.71,4.318359,775,0.39
1606556009,"12",20.71,52.45,4.318359,777,0.4
1606555996,"12",20.74,52.47,4.324805,777,0.39
1606555983,"12",20.78,52.63,4.324805,774,0.39
1606555970,"12",20.81,52.66,4.318359,772,0.41
1606555956,"12",20.73,52.66,4.311914,771,0.38
1606555943,"12",20.71,52.85,4.318359,773,0.39
1606555930,"12",20.71,52.71,4.324805,776,0.39
1606555917,"12",20.74,52.64,4.324805,778,0.38
1606555904,"12",20.76,52.65,4.324805,777,0.39
1606555890,"12",20.76,52.63,4.318359,779,0.39
1606555877,"12",20.77,52.59,4.318359,781,0.41
1606555864,"12",20.76,52.37,4.318359,785,0.4
1606555851,"12",20.77,52.55,4.311914,785,0.39
1606555837,"12",20.77,52.57,4.324805,787,0.4
1606555824,"12",20.8,52.35,4.324805,792,0.38
1606555811,"12",20.81,52.27,4.318359,793,0.39
1606555798,"12",20.83,52.53,4.324805,791,0.38
1606555784,"12",20.84,52.69,4.318359,795,0.39
1606555771,"12",20.81,52.68,4.318359,797,0.39
1606555758,"12",20.81,52.67,4.324805,798,0.39
1606555745,"12",20.8,52.73,4.324805,801,0.4
1606555732,"12",20.8,52.76,4.318359,802,0.38
1606555718,"12",20.81,52.74,4.324805,804,0.39
1606555705,"12",20.84,52.7,4.318359,806,0.37
1606555692,"12",20.83,52.75,4.324805,808,0.38
1606555679,"12",20.86,52.76,4.324805,812,0.37
1606555665,"12",20.87,52.8,4.324805,813,0.39
1606555652,"12",20.86,52.93,4.318359,816,0.38
1606555639,"12",20.9,52.85,4.318359,817,0.37
1606555626,"12",20.94,52.84,4.318359,818,0.39
1606555613,"12",20.98,52.74,4.318359,814,0.39
1606555599,"12",21.01,52.68,4.318359,816,0.38
1606555586,"12",21.08,52.57,4.318359,812,0.38
1606555573,"12",21.08,52.59,4.318359,807,0.39
1606555560,"12",21.02,52.69,4.33125,803,0.4
1606555546,"12",20.91,52.65,4.324805,802,0.42
1606555533,"12",21,52.65,4.324805,795,0.58
1606555520,"12",20.93,52.72,4.324805,802,0.55
1606555507,"12",20.95,52.7,4.324805,806,0.4
1606555493,"12",20.93,52.64,4.318359,807,0.39
1606555480,"12",20.9,52.82,4.318359,810,0.39
1606555467,"12",20.87,52.85,4.324805,822,0.4
1606555454,"12",20.91,52.75,4.324805,812,0.41
1606555441,"12",20.86,52.9,4.324805,785,0.39
1606555427,"12",20.8,53.02,4.311914,776,0.41
1606555414,"12",20.77,53.03,4.318359,774,0.41
1606555401,"12",20.76,53.02,4.324805,773,0.38
1606555388,"12",20.74,53.12,4.318359,771,0.39
1606555374,"12",20.77,53.17,4.318359,770,0.4
1606555361,"12",20.74,53.05,4.324805,771,0.39
1606555348,"12",20.73,53.24,4.318359,773,0.43
1606555335,"12",20.73,53.2,4.318359,775,0.42
1606555321,"12",20.81,52.62,4.324805,775,0.4
1606555308,"12",20.84,52.44,4.324805,778,0.41
1606555295,"12",20.88,52.42,4.318359,777,0.46
1606555282,"12",20.91,52.38,4.324805,776,0.42
1606555269,"12",20.91,52.58,4.324805,775,0.39
1606555255,"12",20.88,52.55,4.318359,773,0.38
1606555242,"12",20.9,52.43,4.318359,774,0.37
1606555229,"12",20.9,52.49,4.318359,775,0.44
1606555216,"12",20.88,52.45,4.324805,776,0.39
1606555202,"12",20.87,52.46,4.318359,776,0.39
1606555189,"12",20.86,52.46,4.318359,776,0.4
1606555176,"12",20.88,52.49,4.324805,771,0.39
1606555163,"12",20.86,52.42,4.324805,777,0.39
1606555150,"12",20.9,52.49,4.324805,772,0.41
1606555136,"12",20.88,52.61,4.318359,770,0.38
1606555123,"12",20.87,52.57,4.324805,775,0.46
1606555110,"12",20.9,52.48,4.324805,773,0.38
1606555097,"12",20.87,52.5,4.324805,768,0.4
1606555083,"12",20.91,52.53,4.324805,763,0.39
1606555070,"12",20.88,52.55,4.318359,761,0.38
1606555057,"12",20.9,52.52,4.324805,761,0.39
1606555044,"12",20.9,52.44,4.324805,767,0.51
1606555031,"12",20.93,52.49,4.324805,763,0.43
1606555017,"12",20.91,52.51,4.318359,760,0.4
1606555004,"12",20.88,52.49,4.318359,765,0.4
1606554991,"12",20.9,52.46,4.318359,769,0.39
1606554978,"12",20.88,52.38,4.318359,772,0.43
1606554964,"12",20.97,52.49,4.324805,768,0.4
1606554951,"12",20.95,52.45,4.324805,769,0.4
1606554938,"12",20.95,52.42,4.318359,769,0.39
1606554925,"12",20.91,52.45,4.318359,768,0.39
1606554911,"12",20.94,52.46,4.318359,770,0.4
1606554898,"12",20.94,52.43,4.324805,773,0.4
1606554885,"12",20.95,52.49,4.324805,772,0.38
1606554872,"12",20.98,52.56,4.324805,773,0.38
1606554859,"12",20.97,52.58,4.318359,772,0.4
1606554845,"12",20.91,52.6,4.33125,770,0.4
1606554832,"12",20.97,52.6,4.324805,768,0.38
1606554819,"12",20.94,52.55,4.318359,768,0.39
1606554806,"12",20.94,52.57,4.324805,769,0.38
1606554792,"12",20.94,52.57,4.324805,768,0.37
1606554779,"12",20.95,52.47,4.318359,768,0.39
1606554766,"12",20.94,52.56,4.318359,768,0.4
1606554753,"12",20.91,52.58,4.318359,767,0.38
1606554740,"12",20.91,52.45,4.318359,771,0.39
1606554726,"12",20.95,52.54,4.33125,770,0.38
1606554713,"12",20.93,52.53,4.324805,771,0.39
1606554700,"12",20.94,52.58,4.318359,768,0.39
1606554687,"12",20.94,52.55,4.324805,768,0.4
1606554673,"12",20.88,52.54,4.324805,766,0.4
1606554660,"12",20.91,52.41,4.324805,770,0.39
1606554647,"12",20.88,52.59,4.318359,769,0.39
1606554634,"12",20.91,52.51,4.324805,772,0.4
1606554620,"12",20.93,52.53,4.324805,775,0.38
1606554607,"12",20.91,52.6,4.318359,774,0.41
1606554594,"12",20.93,52.51,4.318359,775,0.39
1606554581,"12",20.94,52.39,4.324805,776,0.39
1606554568,"12",20.93,52.38,4.324805,776,0.41
1606554554,"12",20.95,52.44,4.318359,777,0.38
1606554541,"12",21,52.51,4.318359,776,0.4
1606554528,"12",20.95,52.42,4.324805,776,0.38
1606554515,"12",21,52.33,4.318359,777,0.39
1606554501,"12",21,52.48,4.324805,776,0.4
1606554488,"12",20.98,52.36,4.324805,776,0.38
1606554475,"12",21,52.51,4.324805,775,0.39
1606554462,"12",20.97,52.42,4.318359,777,0.39
1606554449,"12",20.97,52.46,4.318359,776,0.38
1606554435,"12",21.01,52.4,4.318359,777,0.39
1606554422,"12",21,52.43,4.324805,776,0.39
1606554409,"12",20.98,52.35,4.324805,775,0.39
1606554396,"12",21.02,52.36,4.318359,775,0.4
1606554382,"12",21,52.37,4.318359,778,0.4
1606554369,"12",21,52.34,4.324805,778,0.39
1606554356,"12",21.04,52.45,4.324805,782,0.4
1606554343,"12",21.02,52.42,4.318359,782,0.4
1606554329,"12",21.05,52.42,4.324805,782,0.39
1606554316,"12",21.04,52.44,4.324805,783,0.39
1606554303,"12",21.04,52.38,4.324805,784,0.38
1606554290,"12",21.05,52.42,4.318359,784,0.39
1606554277,"12",21.05,52.42,4.318359,784,0.38
1606554263,"12",21.02,52.57,4.311914,782,0.39
1606554250,"12",20.98,52.45,4.324805,783,0.39
1606554237,"12",21.02,52.37,4.324805,786,0.39
1606554224,"12",21.08,52.3,4.318359,786,0.41
1606554210,"12",21.07,52.46,4.324805,787,0.4
1606554197,"12",21.07,52.35,4.318359,786,0.4
1606554184,"12",21.1,52.56,4.324805,785,0.39
1606554171,"12",21.1,52.47,4.324805,785,0.38
1606554158,"12",21.07,52.51,4.324805,784,0.4
1606554144,"12",21.04,52.44,4.324805,783,0.4
1606554131,"12",21.04,52.46,4.318359,782,0.4
1606554118,"12",21.02,52.45,4.324805,783,0.38
1606554105,"12",21.02,52.46,4.324805,784,0.39
1606554091,"12",21.02,52.44,4.318359,786,0.38
1606554078,"12",21.04,52.37,4.318359,786,0.4
1606554065,"12",21.04,52.46,4.318359,787,0.39
1606554052,"12",21.05,52.35,4.324805,786,0.4
1606554038,"12",21.07,52.51,4.318359,785,0.39
1606554025,"12",21.02,52.47,4.324805,784,0.38
1606554012,"12",21.04,52.38,4.324805,785,0.38
1606553999,"12",21.02,52.43,4.324805,785,0.4
1606553986,"12",21,52.41,4.318359,786,0.39
1606553972,"12",21.02,52.54,4.324805,785,0.39
1606553959,"12",21.01,52.41,4.324805,785,0.37
1606553946,"12",21,52.46,4.318359,786,0.4
1606553933,"12",20.98,52.47,4.324805,786,0.4
1606553919,"12",20.95,52.48,4.324805,790,0.39
1606553906,"12",21,52.46,4.33125,790,0.4
1606553893,"12",21,52.39,4.324805,794,0.37
1606553880,"12",21.01,52.44,4.318359,794,0.4
1606553867,"12",21,52.52,4.318359,792,0.38
1606553853,"12",21.01,52.54,4.324805,791,0.39
1606553840,"12",21.01,52.57,4.318359,791,0.38
1606553827,"12",20.98,52.61,4.324805,793,0.4
1606553814,"12",20.98,52.56,4.318359,793,0.39
1606553800,"12",21.02,52.47,4.318359,794,0.4
1606553787,"12",21.08,52.55,4.318359,791,0.39
1606553774,"12",21.01,52.57,4.324805,793,0.37
1606553761,"12",21.01,52.57,4.324805,793,0.4
1606553747,"12",21.02,52.64,4.324805,791,0.39
1606553734,"12",21.01,52.73,4.324805,791,0.39
1606553721,"12",21,52.65,4.318359,788,0.4
1606553708,"12",21,52.66,4.324805,785,0.38
1606553695,"12",20.95,52.8,4.318359,787,0.4
1606553681,"12",20.95,52.65,4.324805,792,0.39
1606553668,"12",20.98,52.57,4.318359,791,0.4
1606553655,"12",20.98,52.72,4.324805,791,0.4
1606553642,"12",21,52.68,4.318359,791,0.39
1606553628,"12",21.02,52.64,4.318359,790,0.39
1606553615,"12",21.02,52.64,4.318359,789,0.39
1606553602,"12",21,52.69,4.324805,789,0.39
1606553589,"12",20.98,52.64,4.311914,793,0.38
1606553575,"12",21,52.63,4.324805,792,0.38
1606553562,"12",21.01,52.58,4.318359,790,0.4
1606553549,"12",20.98,52.55,4.318359,792,0.4
1606553536,"12",21.04,52.59,4.324805,793,0.4
1606553523,"12",21.04,52.53,4.318359,792,0.39
1606553509,"12",21.01,52.6,4.324805,790,0.38
1606553496,"12",21,52.73,4.324805,789,0.39
1606553483,"12",20.97,52.66,4.324805,788,0.38
1606553470,"12",20.97,52.54,4.318359,791,0.39
1606553456,"12",21.05,52.47,4.318359,791,0.38
1606553443,"12",21.05,52.47,4.318359,792,0.37
1606553430,"12",21.01,52.56,4.318359,796,0.39
1606553417,"12",21.01,52.54,4.318359,797,0.39
1606553404,"12",21.01,52.48,4.324805,798,0.39
1606553390,"12",21,52.49,4.318359,798,0.39
1606553377,"12",21.05,52.6,4.318359,795,0.38
1606553364,"12",21.04,52.5,4.324805,794,0.39
1606553351,"12",21.02,52.6,4.318359,793,0.4
1606553337,"12",21.02,52.56,4.318359,793,0.39
1606553324,"12",21,52.6,4.318359,792,0.4
1606553311,"12",21.01,52.59,4.318359,795,0.4
1606553298,"12",21.02,52.56,4.324805,797,0.39
1606553285,"12",21.07,52.49,4.324805,797,0.39
1606553271,"12",21.05,52.44,4.324805,797,0.38
1606553258,"12",21.02,52.49,4.318359,798,0.4
1606553245,"12",21.04,52.43,4.318359,799,0.39
1606553232,"12",21.08,52.58,4.324805,798,0.39
1606553218,"12",21.04,52.47,4.318359,798,0.38
1606553205,"12",21.04,52.55,4.318359,799,0.4
1606553192,"12",21.02,52.63,4.318359,799,0.37
1606553179,"12",21.02,52.49,4.318359,801,0.37
1606553165,"12",21.05,52.61,4.324805,799,0.39
1606553152,"12",21.04,52.58,4.324805,798,0.4
1606553139,"12",21.01,52.54,4.318359,803,0.38
1606553126,"12",21.02,52.52,4.318359,802,0.39
1606553113,"12",21.05,52.51,4.324805,803,0.37
1606553099,"12",21.07,52.43,4.324805,804,0.37
1606553086,"12",21.1,52.45,4.324805,801,0.37
1606553073,"12",21.08,52.49,4.318359,801,0.37
1606553060,"12",21.08,52.4,4.318359,805,0.39
1606553046,"12",21.11,52.44,4.318359,808,0.39
1606553033,"12",21.11,52.41,4.318359,809,0.38
1606553020,"12",21.11,52.35,4.324805,810,0.38
1606553007,"12",21.12,52.36,4.33125,807,0.39
1606552994,"12",21.12,52.31,4.324805,808,0.4